h3_cell,activity_probability,expected_severity,risk_score,risk_score_100,priority,junction_count,avg_repeat_offender,lat,lon
8860145b43fffff,0.9577634,22.739368,3.0333657,100.0,Critical,0,0.0,12.978526573156591,77.5819730894831
8860145b55fffff,0.98650914,15.502087,2.7656653,91.17398,Critical,0,0.0,12.978554434046352,77.57354967361115
8860145b59fffff,0.99128,13.937169,2.6802752,88.35868,Critical,4,1.5,12.963592603741281,77.57329905534102
8860169019fffff,0.8519711,13.549429,2.2811966,75.20116,High,0,0.0,13.187752187404088,77.67826730558852
8861892e2bfffff,0.9553244,8.641554,2.1648438,71.365036,High,0,0.0,13.008081785457449,77.6920633482088
88618925b7fffff,0.90361077,9.130724,2.0923765,68.97581,High,0,0.0,12.96356404125835,77.58172203843483
8861892e29fffff,0.824072,9.229727,1.9162128,63.16773,High,0,0.0,13.008051481901367,77.70049876263553
8861892e39fffff,0.8297398,8.07912,1.8303871,60.338074,High,0,0.0,13.000641779890618,77.67928366926746
8860145b37fffff,0.87352186,7.022852,1.8189293,59.96031,Medium,0,0.0,13.01602173540264,77.55311857184648
8860145b15fffff,0.6113941,18.22062,1.807271,59.57594,Medium,0,0.0,12.993569455651905,77.5569550108656
8861892e91fffff,0.62662786,14.88971,1.733047,57.128796,Medium,0,0.0,12.985909282285935,77.611587610053
8861892e3dfffff,0.7701903,7.81612,1.6763822,55.260567,Medium,0,0.0,13.008111813827595,77.68362872734356
8860145b3bfffff,0.8226736,6.2212653,1.6264505,53.61433,Medium,0,0.0,13.001062428301958,77.55286897286263
8860145b31fffff,0.7287851,7.7717824,1.582586,52.168133,Medium,0,0.0,13.008529268490513,77.55720481371395
8861892e17fffff,0.79258764,6.305327,1.5761428,51.955696,Medium,0,0.0,12.99320212604278,77.66650643357218
8860145b6bfffff,0.684942,8.93311,1.5725403,51.836926,Medium,0,0.0,12.993461365885471,77.59064881109155
886016964bfffff,0.68016297,8.053192,1.4984789,49.395138,Medium,0,0.0,13.07576372984184,77.58781894705328
8861892e93fffff,0.58214146,12.107886,1.4979746,49.378513,Medium,0,0.0,12.985937751109661,77.60316119029105
8861892093fffff,0.6802995,7.857125,1.4838845,48.913963,Medium,0,0.0,12.933223647523121,77.69077993064658
8861892e3bfffff,0.64246815,7.5230265,1.3766625,45.37888,Medium,0,0.0,13.000671744916929,77.67085045605917
8860145b5dfffff,0.860768,3.768016,1.3444597,44.31716,Medium,0,0.0,12.971059485347478,77.57763586148468
8860145957fffff,0.6902193,6.002482,1.3433493,44.280552,Medium,0,0.0,13.031029347929858,77.53652471455982
8861892c9dfffff,0.592274,8.64349,1.3422606,44.244656,Medium,0,0.0,13.038348291973255,77.59140348904998
88618925b3fffff,0.545356,10.690828,1.3409238,44.20058,Medium,0,0.0,12.956097152047933,77.57738503936817
8860145a2dfffff,0.649425,6.4208612,1.3016394,42.905384,Medium,0,0.0,12.963648908672718,77.5564554800577
8861892e49fffff,0.63080263,6.765629,1.2929609,42.61926,Medium,0,0.0,12.970573034648806,77.71250887103814
8860145a2bfffff,0.6893048,5.5099072,1.2912921,42.56424,Medium,0,0.0,12.956210619770669,77.54370034890898
8860145b17fffff,0.7072438,5.090129,1.2777556,42.117943,Medium,0,0.0,12.993595793598193,77.54853355399707
8860145a07fffff,0.6540813,5.383741,1.2125059,39.966675,Low,0,0.0,12.948744795687809,77.53936623132917
8860145b11fffff,0.57422465,7.0743217,1.1993766,39.533806,Low,0,0.0,12.986102812430351,77.55261939882277
8861892e9bfffff,0.72245604,4.2128406,1.1928651,39.319122,Low,0,0.0,12.97844134799895,77.60724811631391
88618925c7fffff,0.66338474,4.859785,1.1729391,38.662167,Low,0,0.0,12.933515474586674,77.61491644470627
88601690c3fffff,0.4690001,9.114194,1.085238,35.77068,Low,0,0.0,13.187834908074567,77.64451911741779
8861892ed3fffff,0.5441277,6.270111,1.0794251,35.579033,Low,0,0.0,12.97091500621219,77.61976181361369
8860145b33fffff,0.547439,6.126246,1.0750523,35.43486,Low,0,0.0,13.008554904176677,77.54878292418904
8860145b2bfffff,0.5394805,6.2569757,1.0692304,35.242916,Low,0,0.0,13.008477175120222,77.57405098530111
88618920b1fffff,0.6010194,4.421869,1.0159875,33.48751,Low,0,0.0,12.95563266606493,77.70381603022665
8861892e01fffff,0.4052575,10.720914,0.9974906,32.87767,Low,0,0.0,12.993110770774127,77.69180661336213
88618925b1fffff,0.6038578,4.1892085,0.9943009,32.772507,Low,0,0.0,12.956068102101627,77.58580820442012
8860145a23fffff,0.48942366,6.3601146,0.97692657,32.199677,Low,0,0.0,12.9637041207288,77.53961509431802
88618925a7fffff,0.50267226,5.956219,0.9750013,32.1362,Low,0,0.0,12.970973619072177,77.60290904439071
8860169669fffff,0.51813316,5.4964104,0.96955657,31.95669,Low,0,0.0,13.09817031930295,77.60083855243236
8860145b1bfffff,0.5361011,4.9768505,0.9584918,31.591887,Low,0,0.0,12.978636375286456,77.54828420872519
88618925a5fffff,0.52120715,5.2715383,0.9569476,31.540976,Low,0,0.0,12.970944449560163,77.61133503110803
8860145b09fffff,0.52695906,5.1378527,0.956154,31.51481,Low,0,0.0,12.986021513806193,77.57788670867002
8860145a27fffff,0.5254214,5.130923,0.9527704,31.403255,Low,0,0.0,12.971170144594524,77.54394944056095
8861892e0dfffff,0.4315583,8.090675,0.9525567,31.39621,Low,0,0.0,12.993079769253942,77.7002415939476
8860169053fffff,0.4905114,5.7969866,0.94005495,30.98403,Low,0,0.0,13.18025852254719,77.68235852461682
8860145953fffff,0.52176166,5.032922,0.93772644,30.907257,Low,0,0.0,13.023562749560151,77.53219006885459
8860145b49fffff,0.5411169,4.5387278,0.9262649,30.529373,Low,0,0.0,12.971002514823697,77.59448385371343
8861892595fffff,0.48957837,5.3147483,0.902238,29.737213,Low,0,0.0,12.94110476446078,77.5855569746218
8861892e95fffff,0.45995814,5.8349695,0.8840635,29.138002,Low,0,0.0,12.993377421558263,77.61592752561967
8861892541fffff,0.4293378,6.791249,0.881431,29.051212,Low,0,0.0,12.92578811757826,77.67800356819559
8860145a25fffff,0.54934955,3.7159147,0.8520098,28.0812,Low,0,0.0,12.97114288981873,77.55236984972315
8860145b4dfffff,0.49328783,4.612257,0.85089827,28.044554,Low,0,0.0,12.978470030208513,77.59882231108581
88618920a3fffff,0.33547133,10.760282,0.8268455,27.251541,Low,0,0.0,12.963069801662392,77.71659793883055
8861892cb5fffff,0.37523723,8.056303,0.82682055,27.250717,Low,0,0.0,13.068271342496192,77.59190673344236
8861892527fffff,0.42565796,5.7063518,0.81005055,26.697815,Low,0,0.0,12.970763679292517,77.66190765414491
886014586dfffff,0.5099209,3.861563,0.80636847,26.576416,Low,0,0.0,13.001088278217015,77.54444769854591
8860145a33fffff,0.42392784,5.697858,0.80622077,26.571547,Low,0,0.0,12.956292854012514,77.51844520631552
8860145b07fffff,0.42730054,5.559524,0.8037173,26.48901,Low,0,0.0,13.001009906965386,77.56971391430439
88618920bbfffff,0.45076603,4.77685,0.79057986,26.05587,Low,0,0.0,12.948162788264312,77.69947024215966
88618925c1fffff,0.42994118,5.2884007,0.79053575,26.054417,Low,0,0.0,12.926016584498955,77.61900292915767
88618925c9fffff,0.49754095,3.8572536,0.78635013,25.916418,Low,0,0.0,12.91851720115222,77.6230894022631
8861892097fffff,0.43428734,5.0628633,0.7826649,25.794916,Low,0,0.0,12.94069311529191,77.69512487563676
8861892537fffff,0.43030697,5.1591444,0.7822713,25.781939,Low,0,0.0,12.96335644317602,77.64070521174853
88618925a3fffff,0.42703012,5.2225347,0.7806868,25.729696,Low,0,0.0,12.963506095880321,77.59857039427168
8861892ecbfffff,0.49174184,3.7818758,0.7694938,25.360668,Low,0,0.0,12.970825032397935,77.64504693334096
8860145b69fffff,0.43860087,4.7416024,0.76655954,25.263927,Low,0,0.0,12.993433658569543,77.59907425308099
8861892cbdfffff,0.3591921,7.4068265,0.7647358,25.203798,Low,0,0.0,13.060778456338998,77.59599450875419
8860145b19fffff,0.49926057,3.591577,0.7609847,25.080124,Low,0,0.0,12.978609335035548,77.55670523298143
8860145b4bfffff,0.41840288,4.9892087,0.74892414,24.682491,Low,0,0.0,12.971031136890277,77.58605945932764
8860145b41fffff,0.38254935,5.9025884,0.73904574,24.356802,Low,0,0.0,12.9784984385692,77.59039730205839
8861892591fffff,0.41429943,4.8498087,0.7318222,24.118643,Low,0,0.0,12.933638067954625,77.5812200116016
8860145a35fffff,0.33317727,7.938346,0.729775,24.051147,Low,0,0.0,12.96373131711767,77.53119609815312
8860145a6dfffff,0.3914288,5.424329,0.7280936,23.995712,Low,0,0.0,12.948630469633484,77.57304846211579
8860145a69fffff,0.3823793,5.5130086,0.7165029,23.61357,Low,0,0.0,12.94116399438934,77.56871230666584
8861892c99fffff,0.3727874,5.7849307,0.71377754,23.523714,Low,0,0.0,13.030880206874519,77.5870647301248
8860145b45fffff,0.43427524,4.105437,0.70800155,23.333282,Low,0,0.0,12.985965945920508,77.5947355666389
8860145b3dfffff,0.35339975,6.295432,0.7022931,23.145075,Low,0,0.0,13.008503358830348,77.56562750083489
886016911dfffff,0.39889967,4.7924533,0.70068955,23.092207,Low,0,0.0,13.247535841724845,77.71306011838041
88618925b5fffff,0.41319692,4.3412156,0.69229215,22.815348,Low,0,0.0,12.963535205329856,77.59014581816211
8860145a13fffff,0.37600538,5.277784,0.6907283,22.763786,Low,0,0.0,12.933870158330654,77.51386539312138
8861892ec3fffff,0.40491864,4.485316,0.6892018,22.713459,Low,0,0.0,12.97832387916077,77.64095929419824
8861892405fffff,0.3889809,4.8022614,0.6839248,22.539476,Low,0,0.0,12.896016094794405,77.6353487530884
8861892e41fffff,0.27145904,11.117912,0.6772047,22.317919,Low,0,0.0,12.978075773792172,77.70841979093245
886014594dfffff,0.39218396,4.464358,0.6660251,21.94933,Low,0,0.0,13.03093101821963,77.57021486830193
8860145b51fffff,0.38150826,4.7053704,0.6643615,21.89448,Low,0,0.0,12.971087560270853,77.56921306043569
8861892545fffff,0.36447835,5.176825,0.6636438,21.870817,Low,0,0.0,12.933257167422417,77.68234747819845
88618925bbfffff,0.42024893,3.7736766,0.65689814,21.648417,Low,0,0.0,12.948601205513501,77.58147101247559
8861892531fffff,0.34232253,5.6505265,0.6485971,21.374733,Low,0,0.0,12.955857094253213,77.64479264694246
8860145845fffff,0.37297222,4.674014,0.64744127,21.336626,Low,0,0.0,12.986155643594179,77.53577851325464
8861892513fffff,0.3158,6.767697,0.6473817,21.334661,Low,0,0.0,12.933452538750462,77.63176943519348
8860145b53fffff,0.41527942,3.7327883,0.6455579,21.27453,Low,0,0.0,12.971115361736071,77.56079105643157
8861892597fffff,0.32182327,6.3921995,0.64378345,21.216026,Low,0,0.0,12.94113451593992,77.57713424231675
8861892cb9fffff,0.3433133,5.4984946,0.6425351,21.174868,Low,0,0.0,13.053309975275942,77.59165509866834
8861892639fffff,0.322483,6.3157396,0.6417503,21.148994,Low,0,0.0,12.84356982642235,77.64709935018062
8860145913fffff,0.34691077,5.2971683,0.63835055,21.036905,Low,0,0.0,13.038566375964486,77.51559870184012
8861892e97fffff,0.34154266,5.433652,0.6357961,20.952686,Low,0,0.0,12.993405677152367,77.6075004913409
8861892589fffff,0.358068,4.8388557,0.6318234,20.821707,Low,0,0.0,12.933546532603962,77.60649114256896
8861892ed7fffff,0.37371475,4.394963,0.6298834,20.757746,Low,0,0.0,12.978383161730882,77.62410211436558
8861892da3fffff,0.2812536,8.306525,0.6273968,20.675764,Low,0,0.0,13.120533557197918,77.63072498473119
8861892599fffff,0.3632444,4.6237164,0.62732047,20.673244,Low,0,0.0,12.926141126000603,77.5853057699289
8861892421fffff,0.43230897,3.0712354,0.60693866,20.001263,Low,0,0.0,12.910984533466165,77.63560250473422
8860145849fffff,0.39018372,3.6742895,0.6016934,19.828327,Low,0,0.0,12.97119712613916,77.53552982919537
88618924a7fffff,0.38201633,3.829543,0.6015809,19.82462,Low,0,0.0,12.918705298139068,77.57254735078504
8861892cc5fffff,0.26068425,8.993062,0.6000668,19.774698,Low,0,0.0,13.038244224722582,77.62511523148395
8861892e99fffff,0.30649927,5.8911724,0.5916175,19.496128,Low,0,0.0,12.97841239186492,77.61567471749112
8860145955fffff,0.33807182,4.7408504,0.5908168,19.469728,Low,0,0.0,13.031005176934364,77.54494605613041
8860145969fffff,0.31675205,5.2585945,0.5809092,19.143078,Low,0,0.0,13.045891105478587,77.57046538285834
886189209bfffff,0.2757723,7.0667386,0.57574344,18.972763,Low,0,0.0,12.925720379335319,77.69486803946674
886189240dfffff,0.29160893,6.0974793,0.5714776,18.832119,Low,0,0.0,12.888514741648658,77.63943518039474
886014582dfffff,0.2234812,11.733987,0.5685975,18.737164,Low,0,0.0,13.016096356175884,77.52785584523718
88618920bdfffff,0.3085548,5.3026576,0.56804055,18.718801,Low,0,0.0,12.95559950785374,77.71225111590515
88618925d1fffff,0.2699796,7.127249,0.56566733,18.640556,Low,0,0.0,12.91861247742296,77.5978147948778
886189259bfffff,0.36047184,3.7749145,0.56355304,18.570848,Low,0,0.0,12.926171579055959,77.57688347032665
8861892535fffff,0.33942342,4.15822,0.5568552,18.350023,Low,0,0.0,12.963325691016145,77.64913456086612
8861892447fffff,0.2829222,6.0788393,0.55370986,18.246323,Low,0,0.0,12.881012896863044,77.64352159614748
8860145b01fffff,0.3323337,4.2493377,0.55104315,18.1584,Low,0,0.0,12.993515958516587,77.57380031692995
8860145b1dfffff,0.30099258,5.11919,0.54522693,17.966642,Low,0,0.0,12.98607598654856,77.56104103815645
8861892ebbfffff,0.30079946,4.9925275,0.5385854,17.747671,Low,0,0.0,13.000873807961767,77.6118402142471
8860145b25fffff,0.32360527,4.2643456,0.5374944,17.711702,Low,0,0.0,13.023412325449542,77.58272639319945
8861892cb7fffff,0.26516226,6.3222623,0.52791667,17.395926,Low,0,0.0,13.068295269973788,77.58347992285206
88618924cdfffff,0.32354513,4.0893097,0.5264539,17.347698,Low,0,0.0,12.873716178460656,77.5970594219777
8860145a15fffff,0.28841975,5.185212,0.5255473,17.317808,Low,0,0.0,12.941307293829814,77.52661458699727
8860145b57fffff,0.30528164,4.57712,0.5246792,17.289186,Low,0,0.0,12.978582021314105,77.56512705469366
88618920b7fffff,0.36117765,3.258397,0.52330774,17.24397,Low,0,0.0,12.963135420399182,77.69972733371351
8861892087fffff,0.2834254,5.1180077,0.5133504,16.91568,Low,0,0.0,12.948095774097022,77.71633997965183
8861892587fffff,0.34228435,3.3893924,0.50630385,16.683355,Low,0,0.0,12.948541857617831,77.59831850263481
8861892423fffff,0.3081668,4.1092687,0.5026374,16.562473,Low,0,0.0,12.911017324870064,77.62717586398105
8861892ed1fffff,0.25702968,6.021126,0.5009312,16.506222,Low,0,0.0,12.970885288952777,77.6281893916558
8861892731fffff,0.28861153,4.593263,0.4968629,16.37209,Low,0,0.0,12.903347835989594,77.6734043657855
8861892e55fffff,0.27534637,4.94593,0.4908619,16.174238,Low,0,0.0,12.97813944760307,77.69154990418642
8860145a21fffff,0.32016972,3.613428,0.48953027,16.130335,Low,0,0.0,12.963676651272364,77.54803488836966
886189254bfffff,0.33852348,3.2393258,0.48896474,16.11169,Low,0,0.0,12.918319273844617,77.67366007972026
88618925ebfffff,0.32017145,3.4926295,0.4810378,15.850341,Low,0,0.0,12.940983026740929,77.61925586535979
8860145865fffff,0.3406497,3.062335,0.47750843,15.733978,Low,0,0.0,13.008580265964847,77.54036183251075
88618925c3fffff,0.2579165,5.2566566,0.47292757,15.582948,Low,0,0.0,12.926048129416692,77.61057744573026
88618925bdfffff,0.30615643,3.5911984,0.46662557,15.375173,Low,0,0.0,12.956038778798096,77.59423216594502
8860145a39fffff,0.19937816,9.298786,0.46495506,15.320097,Low,0,0.0,12.948772694972421,77.53094766754822
8861892cb1fffff,0.21854414,7.3432775,0.4636318,15.276468,Low,0,0.0,13.060802871917545,77.5875675162762
8860145859fffff,0.2812043,4.190407,0.46309066,15.258627,Low,0,0.0,12.963784890995548,77.51436050048355
8860145b35fffff,0.27321744,4.194273,0.45014122,14.831688,Low,0,0.0,13.015996313789362,77.56154107656299
8861892cd3fffff,0.24244751,5.233153,0.4436504,14.617687,Low,0,0.0,13.023386294619495,77.5911519045836
886189255dfffff,0.31777194,2.9958317,0.44019413,14.503735,Low,0,0.0,12.918352945077519,77.66522964787347
88618925b9fffff,0.27900702,3.7637432,0.43553936,14.350267,Low,0,0.0,12.948571668200072,77.58989435939898
8861892739fffff,0.2512944,4.5351415,0.42999417,14.167444,Low,0,0.0,12.895844543581084,77.67749170690524
88618924a5fffff,0.27590984,3.744933,0.42961293,14.154875,Low,0,0.0,12.918674630614579,77.58096903580913
8860169747fffff,0.21363465,6.3444276,0.42597508,14.034936,Low,0,0.0,13.143010438256832,77.61845699755027
88618925d9fffff,0.21716228,5.9823413,0.42202976,13.90486,Low,0,0.0,12.91111406152771,77.60190071276392
886189266bfffff,0.27546862,3.550086,0.4173752,13.751399,Low,0,0.0,12.835953869643355,77.67646829125057
8861892583fffff,0.2915199,3.1776683,0.41680154,13.732486,Low,0,0.0,12.941074739876615,77.59398050332993
88601459ebfffff,0.23894261,4.6837854,0.41519085,13.679382,Low,0,0.0,13.046077757120111,77.50309438759821
8861892735fffff,0.25925326,3.9478552,0.4145341,13.657728,Low,0,0.0,12.910816479191432,77.67774762475864
8861892ee9fffff,0.2716811,3.5765226,0.4132105,13.61409,Low,0,0.0,12.99323202828644,77.65807462847543
8861892c97fffff,0.21652295,5.733999,0.41294587,13.605366,Low,0,0.0,13.04586653859529,77.57889034817467
8861892c3dfffff,0.26147893,3.7873328,0.40946904,13.490735,Low,0,0.0,13.060599837461243,77.65500574988714
88601459b1fffff,0.22108755,5.368808,0.4093242,13.48596,Low,0,0.0,13.061115836958072,77.46967341674235
8860145b47fffff,0.26457676,3.5604014,0.40147159,13.22706,Low,0,0.0,12.985993866794134,77.58631073934811
8860145b03fffff,0.21448532,5.48449,0.40096167,13.210249,Low,0,0.0,12.993542843983315,77.56537726526012
886014598dfffff,0.21692388,5.169504,0.3947187,13.00442,Low,0,0.0,13.046099854292816,77.4946766078543
88618924a1fffff,0.25185153,3.7040098,0.38997075,12.847881,Low,0,0.0,12.911208343428934,77.57663272339414
8861892c9bfffff,0.20739725,5.445549,0.38646194,12.732197,Low,0,0.0,13.030905749818027,77.57863940067652
88618920e9fffff,0.2686764,3.1584563,0.38290256,12.614845,Low,0,0.0,12.94048751069616,77.74573991770791
886189242bfffff,0.20665334,5.3190804,0.38098067,12.551479,Low,0,0.0,12.90351695597619,77.63126231427
8860145b0dfffff,0.22290881,4.520946,0.38085067,12.5471945,Low,0,0.0,12.993488799175896,77.58222416562411
8860145a0bfffff,0.19175601,6.270552,0.38041174,12.532722,Low,0,0.0,12.9337851690507,77.53911739320513
8861892441fffff,0.17996466,7.2585573,0.37995037,12.517511,Low,0,0.0,12.873510560761734,77.64760800030511
8860145b29fffff,0.23004718,4.008484,0.37063664,12.21044,Low,0,0.0,13.008450717284163,77.58247526686165
8860145851fffff,0.1973824,5.27765,0.36259064,11.945166,Low,0,0.0,12.971276432143616,77.51027578437949
8860145863fffff,0.20086417,5.022141,0.36064014,11.880858,Low,0,0.0,13.00113915692046,77.52760754397319
886189244dfffff,0.1927085,5.4839315,0.3602352,11.867508,Low,0,0.0,12.873475337725393,77.65603554453541
886189251bfffff,0.24554348,3.2756083,0.3567566,11.752818,Low,0,0.0,12.925952675128206,77.63585628174273
8860145829fffff,0.15263294,9.054499,0.3522799,11.605223,Low,0,0.0,13.008630168151345,77.52352204369554
88618920abfffff,0.23197833,3.5647047,0.35222518,11.603419,Low,0,0.0,12.955566075157025,77.72068699426808
88601690c7fffff,0.15357114,8.685021,0.34869564,11.487051,Low,0,0.0,13.195306342687525,77.64886428209394
8861892483fffff,0.23853573,3.3075826,0.34835207,11.475722,Low,0,0.0,12.888810734815376,77.56362631625919
8861892e07fffff,0.1469963,9.672225,0.348035,11.46527,Low,0,0.0,13.000611539918408,77.68771767638277
8861892ed5fffff,0.21150701,4.17663,0.34775016,11.455877,Low,0,0.0,12.978353657521334,77.63253030668535
886014590dfffff,0.22957474,3.5237207,0.34650514,11.41483,Low,0,0.0,13.045939415168512,77.55361784466103
8860145a3bfffff,0.13910162,10.656959,0.34162015,11.253773,Low,0,0.0,12.94880032151652,77.52252990183392
88618925c5fffff,0.19873025,4.534319,0.3400212,11.201056,Low,0,0.0,12.933484143327219,77.62334254233174
8860145a65fffff,0.16918275,6.33535,0.33713132,11.105777,Low,0,0.0,12.956125928712485,77.56896267104027
8860145b39fffff,0.19468983,4.6135983,0.33587733,11.064433,Low,0,0.0,13.00103630457673,77.56129104486568
8860145905fffff,0.22599214,3.418073,0.33575734,11.060477,Low,0,0.0,13.053430369206774,77.5495311843226
8861892529fffff,0.22390772,3.307998,0.32701126,10.772121,Low,0,0.0,12.955762555555129,77.67008361943145
8860169601fffff,0.15875456,6.7621155,0.32532856,10.716643,Low,0,0.0,13.098237895793927,77.57555552183827
8860145b27fffff,0.17341797,5.1845307,0.3159764,10.408304,Low,0,0.0,13.02343808182567,77.57430167872843
8861892e4bfffff,0.16602561,5.594734,0.31316936,10.315757,Low,0,0.0,12.970605495166563,77.70407335152507
8860145959fffff,0.18633765,4.349657,0.31249428,10.293499,Low,0,0.0,13.016046882954079,77.54469686488636
8861892e9dfffff,0.1778342,4.705896,0.30969825,10.201315,Low,0,0.0,12.985880539373692,77.62001482567302
886014584dfffff,0.17594062,4.751276,0.30779433,10.138544,Low,0,0.0,12.978663142142524,77.53986398217545
88618924adfffff,0.19787501,3.7200181,0.30706495,10.114496,Low,0,0.0,12.911177188754195,77.58505459033769
886189219dfffff,0.16009603,5.753657,0.3057969,10.072688,Low,0,0.0,12.985449317033503,77.73807926804326
88618920adfffff,0.17735358,4.4260697,0.29994303,9.879687,Low,0,0.0,12.963003084325397,77.73347171431551
8860145a31fffff,0.14343025,7.0651903,0.29941887,9.862406,Low,0,0.0,12.956265715452142,77.52686278903666
8860169057fffff,0.16065101,5.200976,0.29314098,9.655426,Low,0,0.0,13.187730812240169,77.68670634052118
8860169645fffff,0.15039033,5.992399,0.29248267,9.633721,Low,0,0.0,13.090701254881665,77.59649826183161
8861892585fffff,0.18290737,3.9319015,0.2918698,9.613515,Low,0,0.0,12.948511773691429,77.60674344193173
88618920e5fffff,0.18410741,3.7922225,0.28849527,9.502258,Low,0,0.0,12.955464129404143,77.74599938292201
886189276dfffff,0.1676066,4.351797,0.28114876,9.260046,Low,0,0.0,12.895666163093255,77.7196544962444
8860145a43fffff,0.14498997,5.861877,0.27924794,9.197376,Low,0,0.0,12.926261301857247,77.55162135202855
8860145869fffff,0.1485643,5.5366993,0.2789194,9.186543,Low,0,0.0,12.993621857898091,77.54011289490512
8860145b67fffff,0.18056881,3.4852915,0.2709983,8.925386,Low,0,0.0,13.00842398524627,77.59090034526537
8861892095fffff,0.16452108,4.0072517,0.2650249,8.728445,Low,0,0.0,12.940659533500279,77.70355873465591
886014595dfffff,0.14433378,5.2201276,0.26381192,8.688454,Low,0,0.0,13.023513704991181,77.54903231930479
8861892ea5fffff,0.16919589,3.7324567,0.2630056,8.66187,Low,0,0.0,13.023224341852869,77.64172169397364
8860145a29fffff,0.1426426,5.2418904,0.261219,8.602965,Low,0,0.0,12.956182662498325,77.55212032556005
8861892eddfffff,0.16508007,3.8022177,0.2590235,8.5305805,Low,0,0.0,12.970855297706493,77.6366177649823
88601459e1fffff,0.1424936,4.994814,0.25519106,8.404225,Low,0,0.0,13.053543896821735,77.50742722139053
8860145b5bfffff,0.15376589,4.13297,0.25151247,8.282944,Low,0,0.0,12.96362089285422,77.56487686913171
8860145947fffff,0.1650142,3.5703325,0.25075328,8.257914,Low,0,0.0,13.03844796271087,77.55770449431807
8861892091fffff,0.16452108,3.5664794,0.24986517,8.228633,Low,0,0.0,12.933189853706518,77.69921317630948
886014581dfffff,0.18324889,2.8860772,0.24874207,8.191605,Low,0,0.0,12.986258025647183,77.50210632152104
8860145917fffff,0.14224166,4.66022,0.24657062,8.120012,Low,0,0.0,13.046032740378278,77.51993234502841
886016966bfffff,0.15685523,3.7901766,0.24572426,8.092108,Low,0,0.0,13.098193120565156,77.59241007847257
8861892663fffff,0.15364338,3.871981,0.24329439,8.011996,Low,0,0.0,12.843459143099503,77.67238176560359
88618920a9fffff,0.1476541,4.1378517,0.24165589,7.957975,Low,0,0.0,12.955532367899814,77.7291236650614
8861892437fffff,0.13115081,5.186785,0.23901129,7.870783,Low,0,0.0,12.911082088825882,77.61032496774412
8861892e43fffff,0.12297259,5.957276,0.23854075,7.85527,Low,0,0.0,12.978107748074503,77.69998445097488
8860145b0bfffff,0.13635935,4.6873393,0.23702562,7.805316,Low,0,0.0,12.986048887032434,77.56946347485581
8860145b05fffff,0.12822835,5.348289,0.23698975,7.8041334,Low,0,0.0,13.00098323539204,77.57813758092794
8860145ad9fffff,0.117980205,6.25707,0.23383395,7.7000875,Low,0,0.0,12.911533074703943,77.48404481204311
8861892553fffff,0.16754852,3.020551,0.23313019,7.6768847,Low,0,0.0,12.918419467300698,77.64837116614693
886189258dfffff,0.16250324,3.1715136,0.23209995,7.6429176,Low,0,0.0,12.941013871091936,77.61082994895045
8861892db7fffff,0.09855155,9.499623,0.23172814,7.630659,Low,0,0.0,13.12057871566732,77.61386195722216
88618920b3fffff,0.1568136,3.2913377,0.22841446,7.521408,Low,0,0.0,12.955665549865616,77.69538173748643
8861892581fffff,0.16754429,2.8552654,0.22609094,7.4448023,Low,0,0.0,12.94104444211209,77.60240482818996
886016901dfffff,0.130069,4.6058464,0.22421426,7.382929,Low,0,0.0,13.19522446291114,77.6826149292126
8861892e45fffff,0.11648408,5.822965,0.2236837,7.365436,Low,0,0.0,12.985546255900351,77.71276665194695
8861892543fffff,0.15047051,3.3894992,0.22257826,7.32899,Low,0,0.0,12.925821576145031,77.6695725227734
8860145b63fffff,0.14073333,3.7518258,0.21933697,7.222125,Low,0,0.0,13.000956289780829,77.58656204448529
886014594bfffff,0.124072276,4.853364,0.21923776,7.2188544,Low,0,0.0,13.023488771520409,77.55745464153019
8861892523fffff,0.13686217,3.9204772,0.21807694,7.180583,Low,0,0.0,12.96329466480747,77.6575647046024
8861892ec1fffff,0.12524287,4.645098,0.21676882,7.137454,Low,0,0.0,12.978293826573747,77.6493890766519
886014593bfffff,0.12176964,4.845501,0.21500528,7.0793104,Low,0,0.0,13.053499309122332,77.52426641038987
8861892e6dfffff,0.11564175,5.1829395,0.21067542,6.9365563,Low,0,0.0,13.000487829061417,77.72146163884254
88618926b5fffff,0.13341786,3.8395774,0.21037693,6.926715,Low,0,0.0,12.858784177580333,77.58838613440561
88618924e7fffff,0.1317773,3.851483,0.20811383,6.8521013,Low,0,0.0,12.903679253798057,77.58914013387081
8861892cb3fffff,0.10288589,6.526763,0.20767157,6.8375196,Low,0,0.0,13.060827012373878,77.57914132076041
8860169051fffff,0.11801533,4.7806563,0.20705992,6.8173537,Low,0,0.0,13.180236659427266,77.69079773976567
8860145803fffff,0.14102086,3.3119063,0.20608509,6.785214,Low,0,0.0,12.993723380152147,77.50643824130715
886189259dfffff,0.13819072,3.3811793,0.20415163,6.721468,Low,0,0.0,12.933607829212729,77.58964292576523
8861892c93fffff,0.10895874,5.4056544,0.20235611,6.66227,Low,0,0.0,13.03839867660166,77.57455239721563
8860145941fffff,0.11344674,4.853364,0.20046227,6.5998306,Low,0,0.0,13.03095601215545,77.56179113325211
8861892425fffff,0.14050351,3.1007276,0.19827355,6.52767,Low,0,0.0,12.918452318440698,77.63994311677249
886189254dfffff,0.12838684,3.6514173,0.19735265,6.497308,Low,0,0.0,12.92575438533332,77.68643540717777
8861892723fffff,0.12407146,3.8634706,0.1962503,6.4609632,Low,0,0.0,12.91078204836173,77.68617903024685
8861892ec9fffff,0.112111576,4.7557654,0.19621791,6.4598956,Low,0,0.0,12.970794492951715,77.65347689647938
88618924b7fffff,0.11731001,4.2944193,0.19551511,6.436724,Low,0,0.0,12.911300172600205,77.55137190265266
8861892eb9fffff,0.1091838,4.849823,0.19286352,6.349302,Low,0,0.0,13.000845765441033,77.62026786302566
8861892557fffff,0.1177067,4.068709,0.19104812,6.2894487,Low,0,0.0,12.925887672543517,77.65271281362104
8860145a11fffff,0.104075864,5.2504706,0.19073534,6.279136,Low,0,0.0,12.93384210100948,77.52228192831954
886016960dfffff,0.106382884,4.890234,0.18864831,6.2103276,Low,0,0.0,13.098215646036598,77.583982401524
8860145b61fffff,0.13157885,3.096338,0.18553847,6.107797,Low,0,0.0,13.000929070055918,77.59498730472522
8861892e69fffff,0.10845364,4.479929,0.18448964,6.0732164,Low,0,0.0,12.993016941115373,77.7171139345799
8861892e87fffff,0.110142596,4.3038883,0.18376634,6.0493703,Low,0,0.0,13.000817448503524,77.62869630748011
886014592bfffff,0.10781499,4.4119925,0.18205826,5.993055,Low,0,0.0,13.060920824504212,77.54544451334426
8860145b6dfffff,0.1020445,4.9027157,0.18117109,5.963805,Low,0,0.0,13.000901576141487,77.60341336139636
8861892767fffff,0.11086287,4.084451,0.18028377,5.934551,Low,0,0.0,12.903207621760599,77.70713229299443
8861892e47fffff,0.097092174,5.3390584,0.17930305,5.9022164,Low,0,0.0,12.98557801876849,77.70433069855507
88618920e7fffff,0.11281151,3.8880312,0.17900814,5.8924932,Low,0,0.0,12.955498386007145,77.73756112803083
88618924edfffff,0.11590171,3.5984094,0.17683245,5.820761,Low,0,0.0,12.896148424960778,77.601648692832
8860169761fffff,0.10398145,4.3124356,0.17365426,5.715977,Low,0,0.0,13.157951137524702,77.62714268173808
8861892621fffff,0.09414727,5.1292896,0.17069644,5.6184587,Low,0,0.0,12.858468220901809,77.6642086786825
886016961bfffff,0.1101022,3.6383348,0.16893591,5.560414,Low,0,0.0,13.083345770004588,77.55003014908033
88618925e9fffff,0.12003745,3.0826528,0.16886233,5.557988,Low,0,0.0,12.940951908983829,77.62768257716621
88618925d3fffff,0.11084553,3.5132322,0.16704571,5.4980946,Low,0,0.0,12.91864369040092,77.58939151725708
8860145985fffff,0.0895283,5.3911977,0.16606799,5.465859,Low,0,0.0,13.05358738743973,77.49059122962177
88601459e9fffff,0.09383683,4.862044,0.16595027,5.4619784,Low,0,0.0,13.046055385840756,77.51151296673947
8861892ebdfffff,0.10310914,3.912418,0.16412565,5.401821,Low,0,0.0,13.008314313559218,77.62460862228264
8861892191fffff,0.09459419,4.5952024,0.16288263,5.360839,Low,0,0.0,12.985481905108065,77.72964093694527
886014595bfffff,0.09112909,4.8203473,0.16051112,5.282651,Low,0,0.0,13.01607175651979,77.53627595593315
886189218bfffff,0.09773735,3.7256927,0.15178749,4.9950347,Low,0,0.0,12.98541645373974,77.74651839120118
8860145a03fffff,0.0830795,5.0814834,0.14997916,4.9354143,Low,0,0.0,12.941279179397798,77.5350325356182
8860145935fffff,0.09248663,3.9851236,0.1485759,4.8891497,Low,0,0.0,13.068433058103404,77.53293580768064
8860145b13fffff,0.079746954,5.360784,0.14754397,4.855127,Low,0,0.0,12.986129364753625,77.54419855710535
8860145b2dfffff,0.08393839,4.70381,0.14614803,4.809103,Low,0,0.0,13.015918403818235,77.58681337474293
88618925a1fffff,0.09774201,3.4559724,0.14605054,4.805889,Low,0,0.0,12.963476712834236,77.60699576651213
886189255bfffff,0.09741064,3.4731715,0.14593065,4.801936,Low,0,0.0,12.910918131431849,77.65245817024962
88618924e9fffff,0.09776441,3.442643,0.14579113,4.797336,Low,0,0.0,12.888681905892136,77.59731118778471
886189249bfffff,0.10337126,3.0840485,0.14545254,4.786173,Low,0,0.0,12.873912001202621,77.54653948927107
886189253dfffff,0.095061116,3.5640295,0.14432235,4.748911,Low,0,0.0,12.955825855338745,77.65322217673211
886014585bfffff,0.07489186,5.8206596,0.14378908,4.731329,Low,0,0.0,12.963811268636015,77.50594389947851
8860145939fffff,0.092480674,3.7121727,0.14335883,4.7171435,Low,0,0.0,13.053476603675813,77.53268720322644
8860145901fffff,0.077499315,5.276523,0.142352,4.6839485,Low,0,0.0,13.045963158127718,77.5451952722818
8861892ce9fffff,0.06956691,6.5626955,0.14074971,4.6311216,Low,0,0.0,13.045713363957386,77.62945687128551
886189252bfffff,0.0948151,3.3996246,0.14047039,4.6219125,Low,0,0.0,12.955794342464449,77.66165250097936
8861892419fffff,0.09662431,3.2380085,0.13953453,4.591058,Low,0,0.0,12.873648728353029,77.61390576792083
8860145a67fffff,0.06675673,7.0368295,0.13912335,4.577501,Low,0,0.0,12.956154432170791,77.56054109968734
8861892e2dfffff,0.07200198,5.805889,0.13808455,4.543252,Low,0,0.0,13.01552214132805,77.70484546982513
886189246dfffff,0.09656406,3.1662183,0.13779776,4.5337963,Low,0,0.0,12.895913983056943,77.66063214334513
8861892429fffff,0.078299396,4.575622,0.13454999,4.426718,Low,0,0.0,12.903483678051382,77.63968913589218
886189264dfffff,0.0807072,4.158099,0.13240565,4.35602,Low,0,0.0,12.820941855246172,77.6846413067098
8861892cdbfffff,0.06790364,5.97269,0.13186894,4.338325,Low,0,0.0,13.015891885197476,77.59523906797617
8860145945fffff,0.08092524,4.0531325,0.13109957,4.3129587,Low,0,0.0,13.03842345693307,77.5661280470242
88618921d5fffff,0.08574813,3.601597,0.13088624,4.305926,Low,0,0.0,12.977911778442502,77.75060837936606
88601458c5fffff,0.08884696,3.3190928,0.12998714,4.276282,Low,0,0.0,12.986331944338778,77.47686056756481
88618924e5fffff,0.088855416,3.3050718,0.12971058,4.267164,Low,0,0.0,12.903647339557619,77.59756297875016
8860145a6bfffff,0.069605395,5.415393,0.12937556,4.256119,Low,0,0.0,12.941193199884422,77.56029116791997
8861892dd5fffff,0.057458185,8.333334,0.12833816,4.2219157,Low,0,0.0,13.083112124737175,77.63430656119503
88618924b3fffff,0.07933734,4.014909,0.12792474,4.208286,Low,0,0.0,12.903834738820114,77.54703785603643
8861892729fffff,0.077515796,4.192022,0.12767807,4.200153,Low,0,0.0,12.903243085469857,77.69869912170476
8861892c95fffff,0.076467395,4.279575,0.12722993,4.1853776,Low,0,0.0,13.045841696918085,77.58731611063462
8860145987fffff,0.067110375,5.6278987,0.12692504,4.1753254,Low,0,0.0,13.05360872153461,77.48217443332275
886189242dfffff,0.08014209,3.7729995,0.12526007,4.120432,Low,0,0.0,12.910951469011714,77.64402994024117
886189258bfffff,0.09034226,2.997842,0.12519221,4.1181946,Low,0,0.0,12.933577317454247,77.59806663617145
8861892dd9fffff,0.05769606,7.7385616,0.12507038,4.1141777,Low,0,0.0,13.068147574284675,77.63405273442848
88618924c5fffff,0.08205462,3.579493,0.12485336,4.107023,Low,0,0.0,12.881215595898405,77.59297410432757
8861892ed9fffff,0.077523924,3.988754,0.12459538,4.0985174,Low,0,0.0,12.963386921362435,77.63227665750212
88618925ddfffff,0.07615579,4.104798,0.124147706,4.0837574,Low,0,0.0,12.918580991605543,77.60623886842005
88618925d7fffff,0.0832461,3.4199815,0.123714976,4.0694904,Low,0,0.0,12.926110400092387,77.5937288658644
8860145951fffff,0.07220922,4.508331,0.123207815,4.0527697,Low,0,0.0,13.02353836431236,77.54061079499611
88601458edfffff,0.06608253,5.405081,0.12272131,4.0367293,Low,0,0.0,13.001261567321468,77.4855211345625
8861892e4dfffff,0.06322702,5.9537635,0.122615084,4.0332274,Low,0,0.0,12.978043524680823,77.71685592380528
8860145a3dfffff,0.05722315,7.043585,0.11930311,3.9240322,Low,0,0.0,12.956238304063396,77.53528116998447
8860145a8dfffff,0.06339816,5.545581,0.119111836,3.9177263,Low,0,0.0,12.941417026542869,77.49295077657538
8860145a5bfffff,0.06163491,5.885742,0.11892165,3.9114556,Low,0,0.0,12.911360030421843,77.53453534140478
8860145a61fffff,0.058393043,6.6176467,0.11856518,3.8997028,Low,0,0.0,12.948659460635449,77.56462670857054
886016962bfffff,0.0739967,3.791163,0.11593605,3.813021,Low,0,0.0,13.113196900462054,77.57580636568113
8860169603fffff,0.06510185,4.7583756,0.1139709,3.7482305,Low,0,0.0,13.09825986991376,77.56712943966673
8861892719fffff,0.071699664,3.754171,0.11178137,3.6760426,Low,0,0.0,12.873404073764748,77.67289301459076
8861892e05fffff,0.04781265,9.346381,0.1117208,3.6740453,Low,0,0.0,13.0005810249248,77.69615247715166
8861892487fffff,0.07606499,3.3085327,0.11110032,3.6535885,Low,0,0.0,12.896276395155285,77.56796136363104
8861892db5fffff,0.05073464,7.882048,0.110806085,3.6438873,Low,0,0.0,13.12055627465143,77.62229307285972
8861892493fffff,0.08623771,2.5993426,0.11044906,3.6321166,Low,0,0.0,12.881408496779585,77.54245526390557
8861892ec7fffff,0.08026674,2.9336598,0.10993093,3.6150339,Low,0,0.0,12.985792665350184,77.64530124516152
8861892c83fffff,0.059852462,5.112108,0.10834922,3.562885,Low,0,0.0,13.045816580370778,77.59574266998688
8860145acbfffff,0.055979382,5.833778,0.10758552,3.5377061,Low,0,0.0,12.918969047258077,77.49678806597716
88618925cbfffff,0.06982823,3.60789,0.10668147,3.5079,Low,0,0.0,12.918549232873653,77.61466373763236
8861892427fffff,0.07395898,3.2055395,0.10623486,3.4931753,Low,0,0.0,12.918484896366222,77.63151586206048
88618924e3fffff,0.07369481,3.1946545,0.105664425,3.4743679,Low,0,0.0,12.896212954754894,77.58480343584444
88618921d9fffff,0.0687269,3.574769,0.10450311,3.43608,Low,0,0.0,12.962935267788067,77.75034865813436
8861892abbfffff,0.062290836,4.3337884,0.104278706,3.4286811,Low,0,0.0,13.052759545881624,77.76034964074188
8860145a17fffff,0.057529774,5.092462,0.10395931,3.4181507,Low,0,0.0,12.941335135684767,77.51819743653286
88618921a9fffff,0.06784061,3.6117806,0.10370211,3.409671,Low,0,0.0,13.00783164546451,77.75956886200628
8861892c51fffff,0.06529964,3.8744476,0.10343507,3.4008665,Low,0,0.0,13.023168158523893,77.65858465432468
8861892413fffff,0.06752789,3.622176,0.10337612,3.3989232,Low,0,0.0,12.881182493589472,77.60139669808248
8860169619fffff,0.056502182,5.191189,0.10301066,3.386874,Low,0,0.0,13.083323644942233,77.55845420254886
8861892eb1fffff,0.07045458,3.3091896,0.102916524,3.3837705,Low,0,0.0,13.008342143162947,77.61618035902134
8861892ea7fffff,0.06698392,3.6010244,0.10223615,3.3613386,Low,0,0.0,13.023252021001465,77.63329140639621
8861892ccdfffff,0.051670637,6.202131,0.10201731,3.3541236,Low,0,0.0,13.030748371366718,77.62920332466946
8861892cc1fffff,0.050815992,6.3053865,0.10105329,3.32234,Low,0,0.0,13.03077528816037,77.62077401362596
8861892189fffff,0.065237865,3.6604116,0.10040784,3.3010595,Low,0,0.0,12.985383315151674,77.75495830616434
8860169047fffff,0.05890777,4.425241,0.099616714,3.2749765,Low,0,0.0,13.195160131820264,77.70793626094593
886016966dfffff,0.059236776,4.3608966,0.099466324,3.270018,Low,0,0.0,13.105639584491298,77.60517926518986
88618925cdfffff,0.06575086,3.374545,0.09703529,3.1898675,Low,0,0.0,12.92598476642781,77.62742920791247
886189262bfffff,0.0545474,4.814248,0.096020415,3.1564074,Low,0,0.0,12.851000607807485,77.65986714279211
88618924abfffff,0.06673964,3.1812313,0.09547812,3.138528,Low,0,0.0,12.903742264817788,77.57229683267205
8860145841fffff,0.058490608,4.1066694,0.09537171,3.1350195,Low,0,0.0,12.978689635679572,77.5314445535825
8861892eebfffff,0.050405238,5.6301074,0.095347606,3.134225,Low,0,0.0,12.993261655899637,77.64964361788373
88618921d1fffff,0.06341657,3.4401984,0.09453502,3.1074343,Low,0,0.0,12.970440444431347,77.74625887408514
8861892491fffff,0.06605296,3.1120853,0.09339428,3.0698242,Low,0,0.0,12.881377026374155,77.55087307866201
8860145867fffff,0.04676247,6.338425,0.09320341,3.0635312,Low,0,0.0,13.008605353931049,77.53194153892952
886014583dfffff,0.04782772,5.8189087,0.091814846,3.0177507,Low,0,0.0,13.00867897565866,77.5066854492692
8860145847fffff,0.062478267,3.3407981,0.091721736,3.0146806,Low,0,0.0,12.986181649027918,77.5273592675209
8861892ea3fffff,0.058822185,3.7050288,0.09109391,2.9939816,Low,0,0.0,13.01578306553774,77.62894980340226
88618921adfffff,0.056596555,3.9362092,0.09036193,2.9698482,Low,0,0.0,13.015303779241878,77.76391986208648
8861892721fffff,0.05635669,3.9168587,0.0897576,2.9499238,Low,0,0.0,12.910747344032682,77.6946112289725
8861892185fffff,0.05918531,3.550264,0.08967671,2.9472568,Low,0,0.0,13.00035971303752,77.75521828350607
8860145809fffff,0.059892323,3.4317412,0.089167245,2.93046,Low,0,0.0,12.986207381130708,77.51894082015416
8861892f51fffff,0.063550234,3.0506713,0.088899314,2.9216263,Low,0,0.0,13.022962846086324,77.71763003354415
8861892449fffff,0.060640436,3.3191319,0.088720255,2.9157226,Low,0,0.0,12.86600773366905,77.6516943928261
8860145855fffff,0.04471361,6.142452,0.08790947,2.888991,Low,0,0.0,12.978741803099831,77.51460809126733
88618925adfffff,0.053460088,4.138045,0.08749666,2.875381,Low,0,0.0,12.96344705611618,77.61542193463187
88601459e7fffff,0.053762976,4.0146976,0.08668598,2.848653,Low,0,0.0,13.0610319085864,77.50334146583478
8861892ddbfffff,0.039686825,7.6285214,0.08552801,2.810475,Low,0,0.0,13.068172878957798,77.62562194199984
88618920e1fffff,0.052724157,3.8886023,0.08366831,2.749161,Low,0,0.0,12.947993194689227,77.74165052917549
88618925abfffff,0.053460088,3.7795382,0.083629966,2.7478971,Low,0,0.0,12.956009182061896,77.60265692369161
886014596dfffff,0.042332012,5.919264,0.08188321,2.690307,Low,0,0.0,13.05335895741716,77.57480314076648
8861892f55fffff,0.053474255,3.4265065,0.07954887,2.6133442,Low,0,0.0,13.030434120087465,77.72197819769143
8861892e0bfffff,0.034391128,8.91248,0.07888618,2.5914955,Low,0,0.0,12.985640719825025,77.6874611712556
8861892f53fffff,0.05580058,2.9004529,0.07594976,2.4946823,Low,0,0.0,13.022993002829036,77.7091925987318
8860145a63fffff,0.041930944,4.9340672,0.07466684,2.452385,Low,0,0.0,12.948688178594848,77.55620575209066
886014580bfffff,0.04961631,3.4810116,0.074416965,2.4441464,Low,0,0.0,12.98623283997848,77.51052317140433
886189243dfffff,0.05126474,3.261444,0.07431378,2.4407446,Low,0,0.0,12.903549961014328,77.62283628749285
8860145a47fffff,0.037007377,6.187088,0.072989136,2.3970714,Low,0,0.0,12.933727146833665,77.55595604907661
8860145a41fffff,0.035346817,6.884052,0.07298559,2.3969545,Low,0,0.0,12.926231666909041,77.56004126112575
8861892e89fffff,0.04438512,4.1243124,0.07252513,2.381773,Low,0,0.0,12.985822230981377,77.63687164347948
88618920c1fffff,0.04611404,3.7366529,0.07172258,2.3553133,Low,0,0.0,12.925546240432089,77.73704309163739
8861892f69fffff,0.05072886,3.099386,0.071570165,2.3502882,Low,0,0.0,13.045317393032494,77.74755671927215
8860145a0dfffff,0.03865221,5.089447,0.06982744,2.292831,Low,0,0.0,12.941222132500585,77.55187082632978
8861892e8bfffff,0.045796815,3.4539568,0.068410955,2.2461298,Low,0,0.0,12.985851522297358,77.62844283689921
8861892e67fffff,0.04805432,3.1147838,0.06797698,2.2318218,Low,0,0.0,13.008020903083814,77.70893497036998
8861892e1dfffff,0.0385011,4.812666,0.06776345,2.2247818,Low,0,0.0,12.985671658164044,77.67902759785538
8861892195fffff,0.042621315,3.700926,0.065967545,2.1655712,Low,0,0.0,12.992953012343815,77.73398944613386
8860145837fffff,0.030600969,7.52603,0.065581664,2.1528487,Low,0,0.0,13.016192017227135,77.49418339002574
8861892645fffff,0.034793243,5.3725185,0.064436905,2.1151063,Low,0,0.0,12.8284481069172,77.6805548049665
8861892ecdfffff,0.043615784,3.3647876,0.06427089,2.1096327,Low,0,0.0,12.978263499684852,77.6578196537938
8861892627fffff,0.03213325,6.3833303,0.064241596,2.1086671,Low,0,0.0,12.865972024598275,77.66012211749144
8861892521fffff,0.041392483,3.7065077,0.06411473,2.104484,Low,0,0.0,12.963263364474754,77.66599564270464
8861892ccbfffff,0.03361998,5.4582996,0.06271357,2.0582883,Low,0,0.0,13.023306554646009,77.6164332176999
886189256dfffff,0.042646118,3.3449366,0.062647626,2.056114,Low,0,0.0,12.948195883941374,77.69103656283247
88618924a9fffff,0.044832125,3.0312316,0.062499207,2.0512207,Low,0,0.0,12.90371089552644,77.58071808509443
8860145a4bfffff,0.03183797,6.002113,0.06196344,2.0335567,Low,0,0.0,12.918765815421153,77.55570637101178
8861892481fffff,0.04357253,3.091826,0.061393317,2.0147598,Low,0,0.0,12.888778935824435,77.572046339589
8860145949fffff,0.027786508,7.642522,0.059927005,1.9664159,Low,0,0.0,13.023463563823945,77.56587776142167
886189218dfffff,0.037535027,3.8880312,0.05956019,1.954322,Low,0,0.0,12.992855054182746,77.75930865449114
8861892ea1fffff,0.04145637,3.1993804,0.059487283,1.9519182,Low,0,0.0,13.015755173949385,77.63737947662257
8861892289fffff,0.036287606,3.9179378,0.05780214,1.8963594,Low,0,0.0,12.880540025681313,77.75313919258521
8861892e81fffff,0.039139457,3.3412592,0.057463158,1.8851835,Low,0,0.0,12.993320087536638,77.63278398122625
8861892603fffff,0.03515054,3.6390922,0.05393916,1.768998,Low,0,0.0,12.836066010165984,77.65118533508138
886016900dfffff,0.03129136,4.5770164,0.053779013,1.7637179,Low,0,0.0,13.202654743939304,77.70384429741401
88618925e7fffff,0.033866595,3.7975414,0.05310633,1.7415398,Low,0,0.0,12.955949167990005,77.61950882684387
886189209dfffff,0.032959964,3.7163072,0.051121764,1.6761091,Low,0,0.0,12.933155785897725,77.70764721493362
8861892c31fffff,0.031793628,3.9856145,0.051078264,1.6746749,Low,0,0.0,13.060626181030175,77.64657318572792
8861892f47fffff,0.036955785,2.9033704,0.05032788,1.6499349,Low,0,0.0,13.037875583961375,77.73476623806323
8860145a51fffff,0.025434216,6.1481314,0.050025314,1.6399595,Low,0,0.0,12.918825242848882,77.5388685799422
88601459b9fffff,0.029173978,4.5370836,0.04993033,1.6368278,Low,0,0.0,13.053629781588896,77.47375843707968
886014591dfffff,0.024364341,6.703284,0.049743377,1.630664,Low,0,0.0,13.038519833484957,77.532438623619
886014591bfffff,0.02497521,6.277051,0.049568944,1.624913,Low,0,0.0,13.031076867514042,77.51968442665098
8861892e6bfffff,0.0358569,2.8570435,0.048403263,1.5864807,Low,0,0.0,12.99304849272613,77.70867736777149
8861892409fffff,0.030501673,3.8698337,0.048285972,1.5826137,Low,0,0.0,12.881047361148237,77.63509502680145
8860145149fffff,0.026699731,4.9457374,0.04759693,1.5598962,Low,0,0.0,12.866479088320258,77.5337897363267
886189253bfffff,0.03137387,3.5288239,0.047389045,1.5530422,Low,0,0.0,12.948388703037997,77.64045115469686
8860145b23fffff,0.027910244,4.4497695,0.047323864,1.5508932,Low,0,0.0,13.015970618038208,77.56996437878519
8860145335fffff,0.024950402,5.591222,0.04704994,1.5418619,Low,0,0.0,12.859014700595626,77.52945760502502
8861892eedfffff,0.033909705,2.938236,0.046481147,1.5231091,Low,0,0.0,13.000701435072845,77.66241803701114
886189252dfffff,0.03455089,2.756621,0.045728788,1.498304,Low,0,0.0,12.96323178994276,77.67442737492004
8861892c35fffff,0.02846007,3.928527,0.045394957,1.4872975,Low,0,0.0,13.068096137858458,77.65091670586659
8861892c39fffff,0.0300268,3.5018165,0.04517475,1.4800375,Low,0,0.0,13.053129870201966,77.6506620373475
8860169009fffff,0.025593584,4.8193073,0.04507494,1.4767467,Low,0,0.0,13.19518185388653,77.69949502264804
8861892017fffff,0.029753981,3.4595008,0.044483297,1.4572403,Low,0,0.0,12.940452282842386,77.75417853013018
8860145943fffff,0.022819335,5.9160337,0.044129,1.4455593,Low,0,0.0,13.030980731701622,77.55336819577803
8861892e85fffff,0.029659858,3.4256608,0.044116654,1.4451523,Low,0,0.0,13.000788857073605,77.6371255473583
8860145165fffff,0.024746045,4.8463798,0.043697126,1.4313204,Low,0,0.0,12.903865019113976,77.53861979153666
8861892cc9fffff,0.026893768,4.0597763,0.043603465,1.4282324,Low,0,0.0,13.023279425240565,77.62486191422086
88618924a3fffff,0.029047327,3.4238384,0.0431936,1.4147195,Low,0,0.0,12.911239225578088,77.56821165296496
8861892e61fffff,0.033336524,2.6222436,0.042907227,1.4052777,Low,0,0.0,13.000519169571689,77.71302445863543
8860145a4dfffff,0.0217664,6.1481314,0.042811267,1.4021139,Low,0,0.0,12.926201759333692,77.56846196730865
886016976bfffff,0.028304616,3.5364816,0.042800874,1.4017713,Low,0,0.0,13.15048068874349,77.62279962851622
8861892cedfffff,0.025008546,4.3803945,0.042083424,1.3781171,Low,0,0.0,13.053182705489467,77.63379893304234
8860169015fffff,0.023784675,4.8193073,0.041889124,1.3717111,Low,0,0.0,13.202717611118837,77.67852350588166
88601459b3fffff,0.023730852,4.7872224,0.04166313,1.3642601,Low,0,0.0,13.061136133732203,77.46125840500828
8861892ee5fffff,0.029554445,3.0358222,0.041234657,1.3501334,Low,0,0.0,13.0082002485776,77.65832962865112
8861892737fffff,0.029405931,3.0340698,0.04101468,1.3428807,Low,0,0.0,12.910850636596502,77.66931701276107
8860169659fffff,0.027526435,3.4134789,0.040867485,1.338028,Low,0,0.0,13.068318922241328,77.57505390938468
8860145ae3fffff,0.02195518,5.2459197,0.04022032,1.316691,Low,0,0.0,12.94888156546192,77.49728139558863
8861892467fffff,0.025839863,3.57454,0.039289672,1.2860078,Low,0,0.0,12.903450127165115,77.64811675210724
88601458e5fffff,0.019243963,6.5578794,0.03892266,1.2739075,Low,0,0.0,13.008750135728656,77.4814365514788
8860169665fffff,0.025040947,3.642774,0.038445666,1.2581811,Low,0,0.0,13.11313142677169,77.60109069601138
8861892465fffff,0.025564648,3.458569,0.038214747,1.2505677,Low,0,0.0,12.903416303242569,77.65654516266287
8861892401fffff,0.0236675,4.0219054,0.038194835,1.2499113,Low,0,0.0,12.888548719615363,77.63100879181822
8861892c8dfffff,0.022506064,4.4292197,0.038075656,1.2459819,Low,0,0.0,13.04576552236118,77.61259817836196
8861892c5bfffff,0.023688296,3.6087205,0.036194537,1.1839619,Low,0,0.0,13.015698566233956,77.6542412085338
8861892c55fffff,0.02399365,3.3636746,0.035350192,1.156124,Low,0,0.0,13.03063795345367,77.66292852194958
8860169609fffff,0.019482702,5.0277004,0.034998056,1.1445142,Low,0,0.0,13.090747006812153,77.57964334120965
886189246bfffff,0.023222636,3.458569,0.034713846,1.1351439,Low,0,0.0,12.888480490973505,77.64786236349458
8861892eb5fffff,0.022749413,3.5951247,0.03469276,1.1344486,Low,0,0.0,13.015810682380918,77.62052092567538
8860169739fffff,0.02273243,3.5364816,0.03437488,1.1239682,Low,0,0.0,13.158032794362622,77.59341707056694
8861892525fffff,0.025202833,2.7717571,0.033457793,1.093732,Low,0,0.0,12.97073259134499,77.67033920608478
886014514dfffff,0.021767637,3.3144572,0.031823665,1.0398552,Low,0,0.0,12.873943687172758,77.53812228928288
886189359bfffff,0.023638198,2.8289864,0.031736646,1.0369862,Low,0,0.0,12.82090296004377,77.69307090498374
8860169621fffff,0.021105375,3.399041,0.031265218,1.0214434,Low,0,0.0,13.120665716889532,77.58014546205425
886016970dfffff,0.020798113,3.4595008,0.031093946,1.0157967,Low,0,0.0,13.150501729845697,77.61436764572184
8861892517fffff,0.020023039,3.5247486,0.030226018,0.98718125,Low,0,0.0,12.940920517745456,77.63611008411773
8861892605fffff,0.021475146,3.037822,0.029972978,0.9788386,Low,0,0.0,12.843496309687849,77.66395350015405
88618924e1fffff,0.021591416,2.9378629,0.029594017,0.96634436,Low,0,0.0,12.896180826069541,77.59322566636698
886189219bfffff,0.017925687,4.034328,0.028972931,0.9458673,Low,0,0.0,12.97801100066533,77.72529284933937
8860145a89fffff,0.015687937,5.2171907,0.028666852,0.93577594,Low,0,0.0,12.933952696567284,77.48862057950036
8861892e13fffff,0.016593147,4.5214386,0.028351689,0.9253851,Low,0,0.0,12.9857327108403,77.66216283282091
8861892725fffff,0.018985424,3.3828733,0.028054846,0.9155983,Low,0,0.0,12.91821661876267,77.69895613615914
88618920a5fffff,0.017111763,4.0722694,0.027785882,0.90673053,Low,0,0.0,12.970507289319539,77.72938228807115
8861892593fffff,0.01926511,3.1024296,0.027194232,0.88722396,Low,0,0.0,12.933668033755216,77.5727978939317
8860145907fffff,0.015061398,5.035326,0.027074818,0.8832869,Low,0,0.0,13.053453623729435,77.5411087946208
8860169759fffff,0.016928231,3.8588073,0.02676003,0.8729085,Low,0,0.0,13.12060088032231,77.60543163807083
8861892cc7fffff,0.01653977,3.9812024,0.026557432,0.8662289,Low,0,0.0,13.038270653974692,77.61668610165914
88601690d9fffff,0.014225121,5.2578316,0.026086506,0.8507025,Low,0,0.0,13.172892628466807,77.63583005499619
886016965dfffff,0.017309705,3.4134789,0.025699083,0.83792925,Low,0,0.0,13.075787169123018,77.57939231843748
8860169651fffff,0.017129801,3.4134789,0.025431987,0.8291232,Low,0,0.0,13.075810333106356,77.57096648710527
88618934adfffff,0.017035278,3.4265065,0.025341861,0.8261517,Low,0,0.0,12.805888020747217,77.70124423163179
8861892081fffff,0.015933262,3.8588073,0.02518719,0.8210523,Low,0,0.0,12.940591547372376,77.72042883104749
8861892e57fffff,0.018152265,2.904551,0.024725977,0.8058462,Low,0,0.0,12.978170872453102,77.6831161508207
8860169661fffff,0.015215985,3.972088,0.024404002,0.79523075,Low,0,0.0,13.105662173394158,77.59675017614924
88618920b5fffff,0.015501217,3.5861769,0.023609078,0.7690222,Low,0,0.0,12.9631027483183,77.70816223984903
88618924d7fffff,0.015415988,3.5917594,0.023498025,0.76536083,Low,0,0.0,12.873847814287242,77.56337628064597
8861892715fffff,0.015546567,3.501013,0.02338674,0.76169187,Low,0,0.0,12.888376101950733,77.67314867741027
88618921c5fffff,0.014977411,3.5857182,0.0228098,0.7426703,Low,0,0.0,12.985316211792226,77.77184051048668
8860169663fffff,0.014134311,3.972088,0.022669172,0.7380338,Low,0,0.0,13.105684486341831,77.58832188402893
8860145911fffff,0.0115013,6.1613655,0.022642616,0.73715824,Low,0,0.0,13.03854324181081,77.52401826336072
886016965bfffff,0.0138898855,3.9878502,0.022321116,0.7265585,Low,0,0.0,13.068342299375196,77.5666286932915
8860169649fffff,0.014164047,3.7198207,0.021979354,0.71529067,Low,0,0.0,13.07574001518634,77.59624637270119
8860145965fffff,0.011883171,5.318324,0.02190608,0.7128748,Low,0,0.0,13.060850877784333,77.57071592245822
88618920edfffff,0.013532327,4.0431657,0.021895764,0.7125348,Low,0,0.0,12.94795845241197,77.75008896287578
88601696d3fffff,0.013773442,3.8588073,0.021772962,0.708486,Low,0,0.0,13.0759857434351,77.50358856876566
8860145919fffff,0.010947257,6.1613655,0.021551872,0.70119673,Low,0,0.0,13.031053244764326,77.5281041713166
8861892ca7fffff,0.013231889,4.0304694,0.021376293,0.6954079,Low,0,0.0,13.075716025080077,77.60467459512965
8860145843fffff,0.011727533,5.121889,0.021248775,0.6912036,Low,0,0.0,12.97871585597339,77.52302592319649
8861892411fffff,0.013988471,3.4146388,0.020771844,0.6754793,Low,0,0.0,12.881149119034712,77.60982008745884
88618920cbfffff,0.012207391,4.3672953,0.020512372,0.6669246,Low,0,0.0,12.918075912635338,77.73269531071244
8861892e65fffff,0.016081877,2.4787035,0.020048628,0.65163505,Low,0,0.0,13.00799004892934,77.71737197115823
88618925dbfffff,0.013451029,3.3749363,0.019852266,0.64516103,Low,0,0.0,12.911145761478814,77.59347725354468
88618924c3fffff,0.014811143,2.8013897,0.019778308,0.64272267,Low,0,0.0,12.873782540239402,77.58021625888331
8860145a1bfffff,0.010882046,5.131876,0.019734599,0.6412816,Low,0,0.0,12.926377116885249,77.51794969150302
8860169605fffff,0.012240307,3.9623544,0.019607507,0.63709146,Low,0,0.0,13.105706523411008,77.57989438908066
8860169653fffff,0.012133291,3.972088,0.019459857,0.6322234,Low,0,0.0,13.075833221868303,77.56254145330786
8861892c4bfffff,0.0130400155,3.399301,0.019318074,0.6275489,Low,0,0.0,13.023110874647356,77.67545079325191
88618924bbfffff,0.014448368,2.8013897,0.01929387,0.62675095,Low,0,0.0,12.896338746761693,77.5511224781984
8861892c11fffff,0.01384848,3.0072975,0.019223312,0.62442464,Low,0,0.0,13.03819054088336,77.64197587805353
8860145813fffff,0.011430822,4.3338866,0.019136112,0.62154967,Low,0,0.0,12.98630757775131,77.48527501935207
8860169699fffff,0.012740888,3.4595008,0.019048097,0.61864775,Low,0,0.0,13.083472744791461,77.49950259917419
8860145861fffff,0.009772135,5.8549695,0.018811105,0.61083424,Low,0,0.0,13.001113854397865,77.536027222166
88601692a5fffff,0.011521186,3.9623544,0.018455561,0.59911203,Low,0,0.0,13.180280107679653,77.67392010420868
8860169157fffff,0.011521186,3.9623544,0.018455561,0.59911203,Low,0,0.0,13.240042296478837,77.71715287483579
886189243bfffff,0.012358744,3.438012,0.01841708,0.59784335,Low,0,0.0,12.89611575135375,77.61007251498823
8861892445fffff,0.012211698,3.438012,0.018197952,0.5906187,Low,0,0.0,12.880978159958591,77.65194895985596
8860145825fffff,0.008113625,8.075843,0.017895544,0.5806484,Low,0,0.0,13.02358686081071,77.5237701411305
88601696dbfffff,0.01116332,3.911122,0.017766451,0.5763923,Low,0,0.0,13.068498241994819,77.50767452818836
8861892c1bfffff,0.011724891,3.399301,0.01736979,0.56331444,Low,0,0.0,13.030721179575117,77.63763343127609
8861892e25fffff,0.010268714,4.3590674,0.017239014,0.55900276,Low,0,0.0,13.02302288398091,77.70075595704253
8861892199fffff,0.011131498,3.6782045,0.017174948,0.55689055,Low,0,0.0,12.977978201670528,77.73373056728047
8860145a1dfffff,0.0094300425,5.131876,0.017101388,0.5544653,Low,0,0.0,12.933813771274654,77.53069926176408
8860145ac1fffff,0.008994546,5.498007,0.016833251,0.54562485,Low,0,0.0,12.926433390595745,77.50111865025738
8860145a49fffff,0.008407144,6.12028,0.016502777,0.53472924,Low,0,0.0,12.91873569304952,77.5641264624357
8861892193fffff,0.011498335,3.1983433,0.016496547,0.5345238,Low,0,0.0,12.98551421803861,77.72120339816173
8860145903fffff,0.009077836,5.035326,0.016318588,0.5286565,Low,0,0.0,13.045986626598152,77.53677349804973
8861892cd1fffff,0.009932877,4.02187,0.0160297,0.51913196,Low,0,0.0,13.023359989259543,77.59957821262944
8860169027fffff,0.010429868,3.5855837,0.015883828,0.5143225,Low,0,0.0,13.232608603604817,77.69591745403727
8861892443fffff,0.009817134,3.7522643,0.015301192,0.4951132,Low,0,0.0,12.873545511268109,77.63918125027635
8860169119fffff,0.009412282,3.9623544,0.01507735,0.4877332,Low,0,0.0,13.240062206290226,77.70870953872682
886016911bfffff,0.009412282,3.9623544,0.01507735,0.4877332,Low,0,0.0,13.240081836868333,77.70026699687386
886189266dfffff,0.010279119,3.2910323,0.014971818,0.4842538,Low,0,0.0,12.843383993109596,77.68924067616467
8861892433fffff,0.009830232,3.2432017,0.014207812,0.45906472,Low,0,0.0,12.903615152730135,77.60598661948124
88618925e1fffff,0.009382875,3.4551415,0.014018567,0.45282537,Low,0,0.0,12.948450785504795,77.62359570770249
88618925e3fffff,0.009382875,3.4551415,0.014018567,0.45282537,Low,0,0.0,12.9484814163455,77.61516917703818
8860169643fffff,0.008977224,3.7110667,0.0139139285,0.44937542,Low,0,0.0,13.083255618054334,77.5837311496285
88618924b5fffff,0.009891986,2.941994,0.013568706,0.43799356,Low,0,0.0,12.911269835276789,77.55979137930093
886016900bfffff,0.007995371,4.440884,0.0135436915,0.4371688,Low,0,0.0,13.195203297557807,77.69105457865219
8861892615fffff,0.009590792,3.0591934,0.013436548,0.43363634,Low,0,0.0,12.836102846372988,77.64275927049175
88618924b9fffff,0.009507462,3.1006377,0.013416384,0.4329715,Low,0,0.0,12.896307707020227,77.55954152244182
88618925a9fffff,0.008719677,3.6309335,0.013365159,0.43128264,Low,0,0.0,12.955979311817664,77.61108247740846
886014580dfffff,0.0070200637,5.5680275,0.013213259,0.4262745,Low,0,0.0,12.993673165862303,77.52327397105209
88618924c9fffff,0.0087795155,3.3073254,0.012820877,0.41333777,Low,0,0.0,12.866250072999598,77.59272256742267
88618924ebfffff,0.008498564,3.452075,0.012691503,0.40907237,Low,0,0.0,12.888714521437711,77.58888877560265
886189256bfffff,0.009680122,2.63667,0.0124977,0.40268272,Low,0,0.0,12.94075945670509,77.67825953721992
8861892ce1fffff,0.00811864,3.5750914,0.01234542,0.39766207,Low,0,0.0,13.053208709972491,77.62536857407567
88618924d5fffff,0.008163627,3.5247614,0.012323525,0.3969402,Low,0,0.0,12.873815313192312,77.5717958715321
8861892549fffff,0.009317616,2.7148492,0.012227862,0.39378622,Low,0,0.0,12.918285329097682,77.68209130521892
886189272dfffff,0.008986384,2.8598807,0.012137336,0.39080158,Low,0,0.0,12.910712366129593,77.70304422068222
8861892485fffff,0.008487261,3.1638436,0.012106556,0.3897868,Low,0,0.0,12.896244811091824,77.57638200151547
8861892e33fffff,0.0063322517,5.754729,0.012096139,0.38944334,Low,0,0.0,13.008171045312105,77.66676186731144
8860145909fffff,0.0066576637,4.9718432,0.011897615,0.38289806,Low,0,0.0,13.03847219401127,77.54928173934807
88618921a5fffff,0.00814002,3.2834485,0.011841763,0.38105664,Low,0,0.0,13.022807925866603,77.75982909555053
8861892e63fffff,0.008680256,2.904551,0.011823748,0.38046268,Low,0,0.0,13.000550234834359,77.70458807132047
8860169055fffff,0.006849692,4.6064386,0.011808292,0.3799531,Low,0,0.0,13.187709158923589,77.69514617010236
8860145853fffff,0.00604586,6.0458922,0.011804207,0.3798184,Low,0,0.0,12.97130232152126,77.50185936670057
886189249dfffff,0.008029491,3.184459,0.011493231,0.3695656,Low,0,0.0,12.881345284172033,77.55929169054464
8861892c37fffff,0.008258395,3.0072975,0.011463619,0.3685893,Low,0,0.0,13.068121993943612,77.64248432246826
8860169103fffff,0.0063696303,5.0091085,0.011422508,0.3672339,Low,0,0.0,13.255009669926649,77.71741112036939
8861892c53fffff,0.007710759,3.2178009,0.011098202,0.3565416,Low,0,0.0,13.023196387718938,77.65015277670068
8861892c15fffff,0.0072379634,3.6237397,0.011082797,0.35603368,Low,0,0.0,13.04566010455083,77.64631874674015
8861892469fffff,0.0077971336,3.1060982,0.011013242,0.3537405,Low,0,0.0,12.88844596751523,77.65629034086545
88618924ddfffff,0.008032823,2.9378629,0.011010094,0.35363668,Low,0,0.0,12.866316864420968,77.5758806329047
8861892e27fffff,0.006229727,4.803409,0.010954635,0.35180822,Low,0,0.0,13.02305248961749,77.69232010873029
8861892013fffff,0.0073129307,3.4595008,0.010933101,0.35109824,Low,0,0.0,12.932981334352558,77.74982929358644
8860145967fffff,0.0064713056,4.321407,0.010818325,0.34731412,Low,0,0.0,13.060874468225268,77.56229132162082
8860145aa5fffff,0.0066124294,4.0231557,0.010672847,0.34251773,Low,0,0.0,12.971327938046748,77.49344374806746
88601459edfffff,0.006672637,3.8867128,0.010586271,0.33966336,Low,0,0.0,13.053521740145476,77.51584641636123
8860145ae5fffff,0.0061962456,4.4798255,0.010540267,0.3381466,Low,0,0.0,12.95631971982018,77.51002842207086
8861892565fffff,0.0073944796,3.082929,0.010402662,0.3336098,Low,0,0.0,12.955698159330836,77.6869482379382
8861892567fffff,0.0073944796,3.082929,0.010402662,0.3336098,Low,0,0.0,12.955730494535636,77.67851553183543
8861892037fffff,0.0069148606,3.4595008,0.010337971,0.33147696,Low,0,0.0,12.962900947131931,77.75878831753252
8860169691fffff,0.0069024456,3.4595008,0.010319411,0.33086503,Low,0,0.0,13.09095924574328,77.49541661945544
8861892569fffff,0.007251057,3.082929,0.010200893,0.3269575,Low,0,0.0,12.940726423001863,77.68669180974028
8861892e21fffff,0.0059803245,4.49669,0.0101913465,0.32664275,Low,0,0.0,13.015552233603549,77.69640944175828
88618920c9fffff,0.006397641,3.8886023,0.010152457,0.3253606,Low,0,0.0,12.91804005119765,77.74113208467655
88618920c5fffff,0.006397641,3.8886023,0.010152457,0.3253606,Low,0,0.0,12.933016773244269,77.74139129396549
8860145a01fffff,0.0065185763,3.7352912,0.010136668,0.32484004,Low,0,0.0,12.941250792313223,77.54345128214574
8861892e19fffff,0.0060869134,4.2508855,0.010094517,0.32345033,Low,0,0.0,12.978202022699872,77.6746831911312
8861892533fffff,0.0069159386,3.2699072,0.010039122,0.32162398,Low,0,0.0,12.95588805928307,77.63636391186299
886014586bfffff,0.0053519225,5.4359365,0.009964731,0.3191713,Low,0,0.0,12.993647648627476,77.53169303384006
886016944dfffff,0.00620434,3.9623544,0.009938611,0.31831014,Low,0,0.0,13.135644943955786,77.57196899624027
88601692b1fffff,0.00620434,3.9623544,0.009938611,0.31831014,Low,0,0.0,13.165379715507342,77.64835497131189
8861892e37fffff,0.005442508,5.19745,0.009927886,0.31795654,Low,0,0.0,13.015640858628782,77.67110611938787
88618924cbfffff,0.0073320293,2.8013897,0.009790948,0.31344172,Low,0,0.0,12.866283604632294,77.58430120213671
8861892717fffff,0.0065399557,3.4031878,0.009694365,0.3102574,Low,0,0.0,12.888411171199175,77.6647191122549
88601690e9fffff,0.005333396,5.0091085,0.0095642535,0.30596766,Low,0,0.0,13.202758130798589,77.66164695262967
8861892e09fffff,0.0046470813,6.821624,0.009558545,0.30577946,Low,0,0.0,12.985609506718296,77.69589553824004
8861892607fffff,0.006250464,3.5899649,0.009524909,0.30467048,Low,0,0.0,12.843533204104064,77.65552602826224
88618926bdfffff,0.006127257,3.731487,0.009523225,0.30461496,Low,0,0.0,12.851284259407409,77.59247105564853
88618924b1fffff,0.006633495,3.166402,0.009466348,0.30273974,Low,0,0.0,12.903804186389534,77.55545671789248
886014593dfffff,0.005429149,4.7056518,0.009454631,0.30235344,Low,0,0.0,13.060943590495096,77.53702230640657
8860169115fffff,0.005862753,3.9623544,0.009391429,0.30026966,Low,0,0.0,13.255028882926673,77.70896734958392
8860169111fffff,0.005862753,3.9623544,0.009391429,0.30026966,Low,0,0.0,13.247555263434645,77.70461696205227
8860145a85fffff,0.0051155197,5.2171907,0.009347682,0.29882735,Low,0,0.0,12.948908101800253,77.48886682463771
886016905dfffff,0.0051490725,5.141392,0.009345831,0.29876631,Low,0,0.0,13.180214518242948,77.6992377494013
8861892635fffff,0.0051107486,5.074588,0.009220374,0.29463005,Low,0,0.0,12.858540338565906,77.64735366253507
8861892661fffff,0.006266701,3.2910323,0.009127622,0.291572,Low,0,0.0,12.843421704264811,77.68081082435809
8861892d87fffff,0.005653021,4.0035334,0.00910218,0.29073322,Low,0,0.0,13.105570161285307,77.63047131131401
8861892ce3fffff,0.0056083766,4.0035334,0.0090302965,0.28836322,Low,0,0.0,13.053234439116485,77.61693901090283
88601459adfffff,0.00565301,3.9260502,0.009013937,0.28782386,Low,0,0.0,13.068519420813857,77.49925570011379
8861892c89fffff,0.0058015776,3.694414,0.008971404,0.28642157,Low,0,0.0,13.038296808216472,77.6082577678106
8861892db3fffff,0.0048494944,5.2680135,0.00890105,0.28410202,Low,0,0.0,13.113109050071273,77.60952040011588
8861892181fffff,0.0050854217,4.6403627,0.008797517,0.28068855,Low,0,0.0,12.992887982337212,77.75086812657474
8861892519fffff,0.006178758,3.1344,0.008769772,0.2797738,Low,0,0.0,12.925920310525123,77.64428415039637
8861892f5bfffff,0.0056995857,3.6163795,0.008718148,0.27807176,Low,0,0.0,13.015491773626433,77.71328229110745
8861892539fffff,0.006581443,2.760534,0.008717523,0.27805117,Low,0,0.0,12.948357251261463,77.64888007052255
8861892283fffff,0.006051304,3.1867037,0.008664945,0.2763177,Low,0,0.0,12.888085713453856,77.7406137438464
8861892559fffff,0.0066336873,2.6832104,0.0086489,0.2757887,Low,0,0.0,12.910884520651711,77.66088719450711
886189229dfffff,0.006124772,3.0875154,0.008623295,0.27494448,Low,0,0.0,12.880615780459411,77.73626623126506
88618925d5fffff,0.005654356,3.5617356,0.008581634,0.2735709,Low,0,0.0,12.926079401256139,77.602152757882
88618926b1fffff,0.0055178287,3.731487,0.008576027,0.27338606,Low,0,0.0,12.851318492576842,77.58405012291475
88601690d5fffff,0.0047731902,5.0091085,0.00855965,0.27284613,Low,0,0.0,13.187854893631489,77.63608405953214
8861892417fffff,0.0059399796,3.2244542,0.008558857,0.27282,Low,0,0.0,12.88864901801191,77.60573439574874
8860145b21fffff,0.0053572427,3.9193733,0.008535058,0.27203533,Low,0,0.0,13.01594464807318,77.5783884782622
886189263bfffff,0.0051107486,4.276971,0.008500976,0.27091163,Low,0,0.0,12.843606176717023,77.63867346616159
8860169693fffff,0.005673135,3.4595008,0.008481546,0.27027106,Low,0,0.0,13.090978957065953,77.48699834237436
886189248dfffff,0.006210029,2.893362,0.008441125,0.2689384,Low,0,0.0,12.888746864723522,77.58046715945375
8861892cd7fffff,0.005216489,4.0035334,0.0083993,0.26755944,Low,0,0.0,13.030854389313054,77.59549085639546
88601459bdfffff,0.0052395724,3.9260502,0.008354695,0.26608878,Low,0,0.0,13.061095266133108,77.47808922894109
8861892551fffff,0.0064740716,2.6311066,0.008348558,0.2658865,Low,0,0.0,12.918386342871258,77.65680000993144
8860145ac3fffff,0.005134136,4.075956,0.00834048,0.2656201,Low,0,0.0,12.926461119264168,77.49270432776233
8860145ac5fffff,0.005134136,4.075956,0.00834048,0.2656201,Low,0,0.0,12.933897943313648,77.50544965641919
8860145ad7fffff,0.005079897,4.164229,0.008339951,0.26560268,Low,0,0.0,12.926515760604886,77.47587808027352
8860145addfffff,0.005079897,4.164229,0.008339951,0.26560268,Low,0,0.0,12.918996992029673,77.48837435895996
8860145933fffff,0.0047840294,4.7056518,0.008331182,0.2653136,Low,0,0.0,13.060988298562107,77.52018028818462
8861892727fffff,0.005286098,3.8051176,0.00829749,0.26420274,Low,0,0.0,12.918251110761958,77.6905233241163
886189262dfffff,0.0045941407,5.074588,0.008288354,0.26390153,Low,0,0.0,12.85843175346861,77.67263737732313
8860169627fffff,0.0057788817,3.1817825,0.008268064,0.2632326,Low,0,0.0,13.128155581018321,77.57605723460638
88618925edfffff,0.0054041413,3.5899649,0.008235222,0.2621498,Low,0,0.0,12.948419881094058,77.63202303367275
8861892711fffff,0.0052281716,3.8051176,0.008206564,0.26120496,Low,0,0.0,12.880907867993626,77.66880606935062
8861892197fffff,0.005308747,3.6782045,0.008190942,0.2606899,Low,0,0.0,12.992985114346366,77.72555129411877
8860169221fffff,0.005113084,3.9623544,0.008190548,0.26067692,Low,0,0.0,13.17264982034306,77.72865464872288
88618926b9fffff,0.0056069703,3.2507188,0.00811378,0.2581459,Low,0,0.0,12.843818570151697,77.58813485146923
8860169611fffff,0.0049872077,3.9623544,0.00798891,0.25402898,Low,0,0.0,13.09081356827578,77.55436694105606
8861892495fffff,0.0056710127,3.0875003,0.007984409,0.25388056,Low,0,0.0,12.888842261771282,77.55520708971497
8861892eadfffff,0.0056926855,3.0607684,0.007977571,0.25365514,Low,0,0.0,13.015727007540049,77.64580994508394
8861892e83fffff,0.005294208,3.4458995,0.007898864,0.2510602,Low,0,0.0,12.993348891711566,77.62435535566546
8861892601fffff,0.0056181448,3.0591934,0.007870932,0.25013924,Low,0,0.0,12.836028902024845,77.6596121935727
8861892461fffff,0.0053995554,3.0892386,0.0076045115,0.24135542,Low,0,0.0,12.895948293224905,77.65220355232918
8861892e53fffff,0.004873042,3.7219582,0.0075640506,0.24002144,Low,0,0.0,12.970701229033873,77.67877155204597
886189272bfffff,0.005596598,2.8598807,0.0075589684,0.23985389,Low,0,0.0,12.90327827569472,77.69026674323779
8861892cc3fffff,0.004434462,4.4493475,0.0075186123,0.23852336,Low,0,0.0,13.030801930031974,77.6123454983978
8861892eb7fffff,0.005002605,3.4619734,0.0074818516,0.23731135,Low,0,0.0,13.015838024554684,77.6120928436941
8861892c81fffff,0.00490646,3.543411,0.007426801,0.23549636,Low,0,0.0,13.045791188877192,77.6041700259799
8861892c3bfffff,0.004900483,3.54921,0.0074240044,0.23540415,Low,0,0.0,13.053156425591327,77.64223008755047
8861892dc9fffff,0.0039026078,5.65754,0.007398369,0.23455894,Low,0,0.0,13.07556629570052,77.65526064797804
8861892431fffff,0.00495502,3.3106432,0.0072397157,0.2293282,Low,0,0.0,12.90358269324069,77.61441105581265
88618921abfffff,0.004762721,3.539742,0.0072053783,0.2281961,Low,0,0.0,13.007863877434323,77.75112789976434
8860145915fffff,0.0037771426,5.649066,0.0071557076,0.22655846,Low,0,0.0,13.046009820656217,77.52835252221519
8861892e11fffff,0.004174863,4.5215116,0.0071333866,0.22582255,Low,0,0.0,12.985702321810676,77.67059481829274
8861892407fffff,0.004789472,3.397102,0.007092948,0.22448929,Low,0,0.0,12.896049586345386,77.62692254536819
8861892dbbfffff,0.0037191387,5.65754,0.0070505575,0.22309169,Low,0,0.0,13.105616719556613,77.61360915089894
88618924bdfffff,0.005250375,2.8013897,0.0070111756,0.22179328,Low,0,0.0,12.903773361747138,77.56387637685451
8860145a57fffff,0.0038134016,5.203856,0.00696011,0.22010966,Low,0,0.0,12.9263197541735,77.53478392609289
8861892733fffff,0.005118714,2.8598807,0.006913521,0.21857363,Low,0,0.0,12.903382206208985,77.66497436730651
88618926adfffff,0.004753208,3.2507188,0.0068783103,0.21741274,Low,0,0.0,12.858681307168025,77.61365316184113
8861892ce5fffff,0.004290817,3.9444537,0.0068578687,0.21673879,Low,0,0.0,13.060678041276995,77.6297104432542
88618921d3fffff,0.0046322765,3.3917236,0.0068544806,0.21662708,Low,0,0.0,12.970474004357841,77.73782018508274
8861892ee7fffff,0.004613129,3.403044,0.006838023,0.2160845,Low,0,0.0,13.0082291769594,77.64989818456539
8860145a09fffff,0.0036068899,5.278835,0.0066265217,0.20911133,Low,0,0.0,12.933756294262166,77.5475363223927
8861892c59fffff,0.004055867,4.1232104,0.0066263997,0.20910731,Low,0,0.0,13.015669849955449,77.66267326671942
8861892463fffff,0.0044214986,3.420316,0.006571281,0.20729005,Low,0,0.0,12.895982330445825,77.64377575549281
8861892edbfffff,0.0044279783,3.403044,0.006563575,0.207036,Low,0,0.0,12.963417125650697,77.6238488983792
8860145a5dfffff,0.0035927847,5.203856,0.0065574464,0.20683394,Low,0,0.0,12.918795665329196,77.54728707676384
8861892ab9fffff,0.004295848,3.54921,0.0065080104,0.20520404,Low,0,0.0,13.052729125644458,77.76879269795995
8860144b5bfffff,0.003513925,5.3241334,0.0064809886,0.20431314,Low,0,0.0,13.06864073307749,77.44875953257177
8861892cebfffff,0.0038776542,4.305753,0.0064709974,0.20398372,Low,0,0.0,13.045739580746607,77.62102712688122
88601459c5fffff,0.0036340714,4.600121,0.0062607354,0.19705144,Low,0,0.0,13.038589236022318,77.50717993930718
8860145a45fffff,0.003342017,5.3681746,0.006187119,0.19462433,Low,0,0.0,12.933697726689793,77.56437657300647
88601459cdfffff,0.0035953699,4.5784955,0.0061801495,0.19439456,Low,0,0.0,13.031100216255316,77.51126548081291
8860145a87fffff,0.0034939973,4.8300676,0.006160017,0.19373079,Low,0,0.0,12.948934365776328,77.4804530530009
8861892ea9fffff,0.0043734494,3.0607684,0.0061288304,0.19270256,Low,0,0.0,13.008257830533164,77.64146753530699
8861892eabfffff,0.0043734494,3.0607684,0.0061288304,0.19270256,Low,0,0.0,13.008286209374523,77.63303768112858
8861892cadfffff,0.0038108772,3.952249,0.006096801,0.19164656,Low,0,0.0,13.06819790803923,77.61719194543474
8861892439fffff,0.0042566783,3.1830595,0.0060914895,0.19147144,Low,0,0.0,12.896082805173558,77.61849713258418
886014584bfffff,0.0033666333,5.0855966,0.0060798866,0.19108889,Low,0,0.0,12.971223834528372,77.52711101587661
8860145ae7fffff,0.003406701,4.931456,0.0060648466,0.19059305,Low,0,0.0,12.956346312950867,77.50161243655228
8861892dd1fffff,0.003294457,5.2680135,0.0060468423,0.18999943,Low,0,0.0,13.07564240129298,77.62996404057932
8861892ca1fffff,0.0035332728,4.534823,0.00604564,0.1899598,Low,0,0.0,13.068222661605226,77.60876274498547
886014592dfffff,0.0036775724,4.1736426,0.0060443734,0.18991804,Low,0,0.0,13.068365401451866,77.55820427482367
886189240bfffff,0.0039983443,3.531214,0.006041458,0.18982191,Low,0,0.0,12.88108155288879,77.62666925207004
8861892c91fffff,0.0038961028,3.694414,0.006024829,0.18927366,Low,0,0.0,13.038373621640456,77.5829775446413
88618934a7fffff,0.0038511592,3.6874244,0.0059495913,0.18679309,Low,0,0.0,12.813435114955556,77.68872779643901
8860145925fffff,0.003414344,4.7056518,0.005945934,0.18667251,Low,0,0.0,13.075855835485397,77.55411721729631
8861892d89fffff,0.003627811,4.0035334,0.0058412994,0.18322274,Low,0,0.0,13.090582048914834,77.63864950385859
8860145ad5fffff,0.0032542292,4.9343085,0.0057949703,0.18169527,Low,0,0.0,12.926488575908706,77.48429080435139
8860145b65fffff,0.0039116843,3.3506136,0.0057514156,0.1802593,Low,0,0.0,13.00839697893067,77.59932622026092
886189271dfffff,0.003912784,3.3061512,0.005712839,0.17898741,Low,0,0.0,12.880872312783998,77.67723581463154
8861892499fffff,0.004367795,2.6929553,0.005706205,0.17876871,Low,0,0.0,12.873880043599076,77.55495748647549
8860145ad1fffff,0.0031958628,4.931456,0.0056894976,0.17821786,Low,0,0.0,12.919024664940526,77.47996145111618
8861892e03fffff,0.0027355668,6.847988,0.005635971,0.17645311,Low,0,0.0,12.993141497362052,77.68337242626876
8861892cd5fffff,0.0034341996,4.0035334,0.0055295574,0.17294466,Low,0,0.0,13.030828297057552,77.60391777923701
886189241bfffff,0.003789997,3.2244542,0.005460969,0.17068332,Low,0,0.0,12.87368258948531,77.6054821972188
8861892415fffff,0.003789997,3.2244542,0.005460969,0.17068332,Low,0,0.0,12.88861585772222,77.6141583992434
88601459c1fffff,0.0031307854,4.600121,0.00539368,0.16846484,Low,0,0.0,13.031123291064446,77.50284733405225
88601459d9fffff,0.003133361,4.5784955,0.005385994,0.16821143,Low,0,0.0,13.016215248477769,77.48576727436439
8861892f67fffff,0.0033359586,3.972459,0.0053505925,0.16704424,Low,0,0.0,13.060321223981866,77.73937507161098
8861892f61fffff,0.0033359586,3.972459,0.0053505925,0.16704424,Low,0,0.0,13.052819556772361,77.74346590176135
8861892cddfffff,0.003127174,4.305753,0.0052186023,0.16269256,Low,0,0.0,13.023333409293693,77.60800531708547
886016906bfffff,0.0031894965,4.10922,0.005202218,0.16215238,Low,0,0.0,13.202633231194877,77.7122861500164
88601459c9fffff,0.0030041188,4.5784955,0.005163837,0.16088696,Low,0,0.0,13.02363426162505,77.50693268193464
88601459e3fffff,0.0033048466,3.7352912,0.005139179,0.160074,Low,0,0.0,13.05356577922764,77.4990088257275
8861892f43fffff,0.0030802623,3.9754,0.004942299,0.1535829,Low,0,0.0,13.030403898315317,77.73041703879242
8860145a59fffff,0.0029216115,4.401395,0.004927757,0.15310346,Low,0,0.0,12.911330237623485,77.54295322327053
8861892c49fffff,0.0035427224,3.0072975,0.0049177133,0.1527723,Low,0,0.0,13.023081819814436,77.68388505404889
8860169045fffff,0.0032163067,3.5855837,0.0048981695,0.15212797,Low,0,0.0,13.195138131281986,77.71637829329157
8861892c8bfffff,0.0030598962,3.694414,0.0047317417,0.14664088,Low,0,0.0,13.03832268752397,77.5998302301903
8860169017fffff,0.0031053103,3.5624225,0.004713407,0.14603637,Low,0,0.0,13.202738010084598,77.67008483164281
8860145827fffff,0.0025276202,5.388019,0.00468728,0.14517498,Low,0,0.0,13.023610698140256,77.51535101207388
8860169107fffff,0.0029031397,3.9623544,0.0046504824,0.14396177,Low,0,0.0,13.262483690518334,77.72176254470504
886016913dfffff,0.0029031397,3.9623544,0.0046504824,0.14396177,Low,0,0.0,13.269976699178825,77.7176693917522
8860145857fffff,0.0024635787,5.576823,0.0046402784,0.14362535,Low,0,0.0,12.978767477134769,77.50619105804483
88601680c1fffff,0.003047958,3.5624225,0.0046263547,0.14316629,Low,0,0.0,13.292740603768632,77.53666785863321
8861892ca3fffff,0.0028814098,3.952249,0.0046098,0.14262047,Low,0,0.0,13.068247139732106,77.60033434090404
8861892761fffff,0.0033700923,2.8774238,0.0045670513,0.14121108,Low,0,0.0,12.895702385980302,77.71122035305419
8861892d81fffff,0.0028255535,4.0035334,0.004549549,0.14063403,Low,0,0.0,13.09807635481477,77.63456041334582
8861892cbbfffff,0.0027670404,3.934393,0.004416832,0.13625838,Low,0,0.0,13.053334603825562,77.5832287211909
8860145ae1fffff,0.0024709748,4.931456,0.0043990016,0.13567051,Low,0,0.0,12.948854756685654,77.50569676560454
8861892f4dfffff,0.0026965225,3.9754,0.004326586,0.13328299,Low,0,0.0,13.030342626975042,77.74729709830562
886014581bfffff,0.0024610548,4.4472103,0.004171743,0.12817785,Low,0,0.0,12.978818006233766,77.48935938871784
88601458c7fffff,0.002340206,4.8671017,0.0041406685,0.12715334,Low,0,0.0,12.986356038051257,77.46844691564104
88618934a5fffff,0.0025875384,3.92697,0.00412641,0.12668324,Low,0,0.0,12.813395734493456,77.69715757437902
8861892a95fffff,0.0029534805,3.0072975,0.0040997765,0.12580514,Low,0,0.0,13.045256409606484,77.76444081570791
8861892f2dfffff,0.0025020787,3.9754,0.0040145996,0.122996874,Low,0,0.0,13.06782239433761,77.73528422886262
8861892dabfffff,0.0020471904,5.65754,0.0038809613,0.118590854,Low,0,0.0,13.113040262485347,77.63481429088465
8861892c09fffff,0.0027931107,3.0072975,0.0038771646,0.11846568,Low,0,0.0,13.038107950647806,77.66727281142002
8861892f57fffff,0.002398947,3.972459,0.003847706,0.11749443,Low,0,0.0,13.030464066028376,77.71354014936682
8861892403fffff,0.002666603,3.0875154,0.00375441,0.114418484,Low,0,0.0,12.888582424948297,77.62258319801714
8861892457fffff,0.0026553604,3.1060982,0.0037506253,0.11429371,Low,0,0.0,12.873614594989151,77.62233013383222
88618921ddfffff,0.0024889458,3.0875154,0.0035042798,0.10617175,Low,0,0.0,12.970406609465089,77.75469835482372
88618921dbfffff,0.0024889458,3.0875154,0.0035042798,0.10617175,Low,0,0.0,12.962969313494249,77.74190979031044
8861892281fffff,0.0024889458,3.0875154,0.0035042798,0.10617175,Low,0,0.0,12.888048184461379,77.74905044149494
886014588bfffff,0.0018522367,4.9006877,0.0032878476,0.09903603,Low,0,0.0,12.986403407155716,77.45162201237879
8861892dc3fffff,0.0017115549,5.65754,0.0032446804,0.09761281,Low,0,0.0,13.083087243907451,77.64273858281072
88601451e5fffff,0.0019563818,3.9274774,0.0031200908,0.09350513,Low,0,0.0,12.90406936766031,77.47971568699954
8861892dddfffff,0.0016008561,5.742511,0.0030551255,0.09136324,Low,0,0.0,13.07561730862001,77.63839544761011
8860145acdfffff,0.0018041631,4.164229,0.0029619953,0.088292755,Low,0,0.0,12.926405389827936,77.5095337715874
8860145961fffff,0.0016581552,4.590635,0.002853839,0.08472687,Low,0,0.0,13.053383036127,77.56637835764624
8860145167fffff,0.0019798488,3.0499094,0.0027692036,0.08193646,Low,0,0.0,12.903895027346303,77.53020252464326
8860145811fffff,0.0016254786,4.389491,0.002738039,0.08090897,Low,0,0.0,12.986282938212787,77.49369027075385
8860145aadfffff,0.0015766503,4.075956,0.0025612917,0.07508165,Low,0,0.0,12.963837373511854,77.49752809735944
8860145aa9fffff,0.0015766503,4.075956,0.0025612917,0.07508165,Low,0,0.0,12.956372633480287,77.4931972500092
88601451d7fffff,0.0015941375,3.9274774,0.0025423737,0.07445793,Low,0,0.0,12.874274326484947,77.44558577705992
8860145817fffff,0.00148239,4.389491,0.0024970132,0.0729624,Low,0,0.0,12.993772501375723,77.48960570766802
8860145169fffff,0.0014730414,3.9274774,0.0023492463,0.068090566,Low,0,0.0,12.88890449987789,77.5383710279848
8860145a55fffff,0.0013793961,4.401395,0.0023265684,0.06734288,Low,0,0.0,12.926290664253605,77.5432022402675
88618935b5fffff,0.001464444,3.7617116,0.0022854218,0.06598628,Low,0,0.0,12.858283157993952,77.7063601030987
8860145141fffff,0.0013360464,3.9274774,0.0021307631,0.06088722,Low,0,0.0,12.873975101584405,77.52970588676098
8860145921fffff,0.0011513601,4.7056518,0.0020050444,0.056742303,Low,0,0.0,13.068388228547779,77.54978065423211
8860145821fffff,0.0010256392,5.435588,0.0019095795,0.05359485,Low,0,0.0,13.016120681998457,77.51943653304858
8860145187fffff,0.0011084841,3.9274774,0.0017678406,0.04892175,Low,0,0.0,12.89669002537707,77.45015619999603
8860145127fffff,0.0010510185,4.2290893,0.0017386338,0.04795881,Low,0,0.0,12.91891234183084,77.5136178765356
8860145125fffff,0.0010510185,4.2290893,0.0017386338,0.04795881,Low,0,0.0,12.918883581024376,77.5220339795782
886014512bfffff,0.0009889266,4.3214035,0.0016532253,0.04514291,Low,0,0.0,12.903954227927066,77.5133703846751
88618934e7fffff,0.0009260861,3.972459,0.0014853629,0.039608527,Low,0,0.0,12.798379819130648,77.70533087670054
8860145123fffff,0.0006845441,4.2290893,0.0011323983,0.027971365,Low,0,0.0,12.911447776219905,77.50928648340518
88601451e7fffff,0.0006181405,3.9274774,0.0009858273,0.023138953,Low,0,0.0,12.904097473568724,77.47130401033826
8860145121fffff,0.00047924975,4.3214035,0.00080117956,0.01705116,Low,0,0.0,12.911418799644771,77.51770197122235
8860144b4dfffff,0.00033713627,5.3654957,0.00062400283,0.011209686,Low,0,0.0,13.083512871338408,77.48266647745744
88601451bdfffff,0.00038454492,3.9274774,0.00061328267,0.010856245,Low,0,0.0,12.904180162840419,77.44607377895146
88601451e3fffff,0.00038454492,3.9274774,0.00061328267,0.010856245,Low,0,0.0,12.896634193911549,77.46697592277101
8860145185fffff,0.00033373502,3.9274774,0.0005322497,0.008184606,Low,0,0.0,12.89666224525476,77.45856566141455
8860144a65fffff,0.00026199291,3.9274774,0.00041783342,0.004412329,Low,0,0.0,13.061156156532315,77.4528441939877
8860145109fffff,0.00021942383,3.9274774,0.0003499431,0.0021740005,Low,0,0.0,12.881501277965327,77.51720660489362
8860144b59fffff,0.00021942383,3.9274774,0.0003499431,0.0021740005,Low,0,0.0,13.068621199774773,77.45717355914223
8860145129fffff,0.00021623354,3.9274774,0.00034485513,0.0020062516,Low,0,0.0,12.903924763592263,77.52178605560616
8860144a2dfffff,0.00018405814,4.3214035,0.0003076968,0.00078115053,Low,0,0.0,13.068659992396318,77.4403463071229
886014511dfffff,0.00017807815,3.9274774,0.00028400388,0.0,Low,0,0.0,12.881561774480613,77.50037815576403
